name	taxID	taxRank	genomeSize	numReads	numUniqueReads	abundance
Azorhizobium caulinodans	7	species	5369772	13	1	0.0
Buchnera aphidicola	9	species	619958	6	2	0.0
Cellulomonas gilvus	11	species	3526441	1	1	0.0
Dictyoglomus thermophilum	14	species	1959987	1	0	0.0
Pelobacter carbinolicus	19	species	3665893	1	0	0.0
Myxococcus fulvus	33	species	10026214	10	0	0.0
Myxococcus xanthus	34	species	9139763	9	0	0.0
Stigmatella aurantiaca	41	species	10260756	10	0	0.0
Archangium gephyra	48	species	12489432	10	0	0.0
Chondromyces crocatus	52	species	11388132	2	0	0.0
Sorangium cellulosum	56	species	13907952	2	0	0.0
Cyclobacterium marinum	104	species	6221273	1	0	0.0
Runella slithyformis	106	species	6919729	9	0	0.0
Rubinisphaera brasiliensis	119	species	6006602	5	1	0.0
Planctopirus limnophila	120	species	5460085	6	0	0.0
Pirellula staleyi	125	species	6196199	6	0	0.0
Isosphaera	127	genus	0	1	0	0.0
Isosphaera pallida	128	species	5529304	1	0	0.0
Spirochaeta thermophila	154	species	2516433	4	1	0.0
Treponema succinifaciens	167	species	2897425	2	1	0.0
Leptospira biflexa	172	species	3953768	2	1	0.0
Leptospira interrogans	173	species	5395453	2	0	0.0
Leptospira borgpetersenii	174	species	3948532	2	0	0.0
Leptospirillum	179	genus	0	1	0	0.0
Leptospirillum ferrooxidans	180	species	2559538	3	1	0.0
Azospirillum	191	genus	0	2	0	0.0
Azospirillum brasilense	192	species	13978806	15	8	0.0
Azospirillum lipoferum	193	species	7223069	38	0	0.0
Campylobacter coli	195	species	5104439	2	0	0.0
Campylobacter fetus	196	species	1876301	1	0	0.0
Campylobacter hyointestinalis	198	species	1753331	2	0	0.0
Campylobacter concisus	199	species	1969727	1	0	0.0
Campylobacter curvus	200	species	1971270	1	0	0.0
Campylobacter lari	201	species	1576113	1	0	0.0
Helicobacter pylori	210	species	2044699	1	0	0.0
Pseudoalteromonas haloplanktis	228	species	3850272	2	0	0.0
Brucella	234	genus	0	274	0	0.0
Brucella abortus	235	species	5108028	626	8	0.0
Brucella ovis	236	species	3275590	466	0	0.0
Francisella tularensis	263	species	2777166	9	0	0.0
Paracoccus denitrificans	266	species	5236194	4335	4218	0.0
Thermus aquaticus	271	species	2338641	3	0	0.0
Thermus thermophilus	274	species	2214494	3	0	0.0
Xanthobacter autotrophicus	280	species	5625098	9	1	0.0
Comamonas testosteroni	285	species	5695231	10	1	0.0
Pseudomonas aeruginosa	287	species	22457305	7	5	0.0
Pseudoalteromonas atlantica	288	species	5187005	2	0	0.0
Burkholderia cepacia	292	species	13365495	13	1	0.0
Pseudomonas fluorescens	294	species	14826544	2	0	0.0
Pseudomonas mendocina	300	species	5293211	3	0	0.0
Ralstonia solanacearum	305	species	11186335	1231	471	0.0
Pseudomonas stutzeri	316	species	7755802	3	0	0.0
Ralstonia pickettii	329	species	6378979	4629	4412	0.0
Pseudomonas pseudoalcaligenes	330	species	4691662	3	0	0.0
Burkholderia glumae	337	species	7333967	2	1	0.0
Xanthomonas	338	genus	0	5	0	0.0
Xanthomonas campestris	339	species	7063896	1998	0	0.0
Xanthomonas translucens	343	species	4638247	1901	0	0.0
Xanthomonas citri	346	species	17318955	1998	0	0.0
Xanthomonas oryzae	347	species	17545599	2537	0	0.0
Azotobacter chroococcum	353	species	5192286	2	0	0.0
Azotobacter vinelandii	354	species	5351632	2	0	0.0
Agrobacterium	357	genus	0	1	0	0.0
Agrobacterium tumefaciens	358	species	9211775	3344	32	0.0
Agrobacterium vitis	373	species	6320946	99	3	0.0
Bradyrhizobium japonicum	375	species	9215796	11	0	0.0
Bradyrhizobium sp.	376	species	7547693	11	0	0.0
Sinorhizobium fredii	380	species	6891900	649	4	0.0
Mesorhizobium loti	381	species	7539018	2	0	0.0
Sinorhizobium meliloti	382	species	6962835	699	12	0.0
Rhizobium leguminosarum	384	species	7369497	2	0	0.0
Rhizobium phaseoli	396	species	87841097	3	0	0.0
Rhizobium tropici	398	species	6686334	2	0	0.0
Neorhizobium galegae	399	species	6434105	2	0	0.0
Methylobacillus flagellatus	405	species	2971517	22	2	0.0
Methylobacterium extorquens	408	species	6163878	11	0	0.0
Methylococcus capsulatus	414	species	3304561	22	1	0.0
Methylomonas methanica	421	species	5051681	6	0	0.0
Acetobacter pasteurianus	438	species	3216979	5	0	0.0
Gluconobacter oxydans	442	species	3306867	33	0	0.0
Legionella pneumophila	446	species	15688009	6	0	0.0
Legionella hackeliae	449	species	3570857	4	2	0.0
Legionella longbeachae	450	species	4149158	6	2	0.0
Tatlockia micdadei	451	species	3310028	2	0	0.0
Acinetobacter baumannii	470	species	11595472	31	4	0.0
Moraxella catarrhalis	480	species	2846413	26	0	0.0
Neisseria	482	genus	0	1	0	0.0
Neisseria gonorrhoeae	485	species	4967431	24	2	0.0
Neisseria lactamica	486	species	2220606	26	3	0.0
Neisseria meningitidis	487	species	8508873	23	0	0.0
Neisseria elongata	495	species	2256647	17	0	0.0
Psychrobacter	497	genus	0	1	0	0.0
Thermomicrobium roseum	500	species	2920744	1	0	0.0
Kingella kingae	504	species	2140065	33	27	0.0
Alcaligenes faecalis	511	species	4248684	13	1	0.0
Bordetella	517	genus	0	1	0	0.0
Bordetella bronchiseptica	518	species	6491145	10	0	0.0
Bordetella parapertussis	519	species	4815611	10	0	0.0
Bordetella pertussis	520	species	48698463	7	0	0.0
Bordetella avium	521	species	3732255	15	0	0.0
Acidiphilium cryptum	524	species	3963080	1	0	0.0
Ochrobactrum anthropi	529	species	5053471	892	0	0.0
Beijerinckia indica	533	species	4418616	98	12	0.0
Chromobacterium violaceum	536	species	4751080	7	0	0.0
Zymomonas mobilis	542	species	2426073	6	1	0.0
Citrobacter koseri	545	species	4735357	3	1	0.0
Pantoea agglomerans	549	species	9924054	1	0	0.0
Enterobacter cloacae	550	species	10083180	7	0	0.0
Erwinia amylovora	552	species	3869718	7	2	0.0
Pantoea ananatis	553	species	4842757	2	0	0.0
Pectobacterium carotovorum	554	species	4852842	8	5	0.0
Escherichia coli	562	species	12319210	3567	142	0.0
Shimwellia blattae	563	species	4158725	5	5	0.0
Escherichia fergusonii	564	species	4643861	3409	0	0.0
Hafnia alvei	569	species	6928293	1	1	0.0
Klebsiella oxytoca	571	species	16779606	6	0	0.0
Klebsiella pneumoniae	573	species	15713353	3	0	0.0
Morganella morganii	582	species	3853791	1	0	0.0
Proteus mirabilis	584	species	5337360	16	0	0.0
Proteus vulgaris	585	species	3794983	16	0	0.0
Providencia stuartii	588	species	6521015	5	3	0.0
Serratia marcescens	615	species	8465231	5	0	0.0
Shigella boydii	621	species	4698475	3119	4	0.0
Shigella dysenteriae	622	species	4560911	2073	1	0.0
Shigella flexneri	623	species	4763519	3409	0	0.0
Shigella sonnei	624	species	6798914	3412	2	0.0
Xenorhabdus nematophila	628	species	4586662	4	0	0.0
Yersinia pestis	632	species	7124135	2	0	0.0
Yersinia pseudotuberculosis	633	species	9565781	3	0	0.0
Edwardsiella tarda	636	species	3717889	3	1	0.0
Aeromonas hydrophila	644	species	7739252	1	0	0.0
Vibrio cholerae	666	species	6170861	4	2	0.0
Aliivibrio fischeri	668	species	4273718	5	0	0.0
Grimontia hollisae	673	species	3998273	3	1	0.0
Vibrio mimicus	674	species	8922704	1	0	0.0
Vibrio fluvialis	676	species	4827724	1	0	0.0
Plesiomonas shigelloides	703	species	3405979	4	0	0.0
Aggregatibacter actinomycetemcomitans	714	species	4378647	61	2	0.0
Haemophilus influenzae	727	species	2672708	7	1	0.0
Haemophilus parainfluenzae	729	species	2086875	59	0	0.0
Histophilus somni	731	species	2138367	6	0	0.0
Aggregatibacter aphrophilus	732	species	3520359	59	0	0.0
[Haemophilus] parasuis	738	species	4546750	1	0	0.0
Pasteurella multocida	747	species	2546987	6	0	0.0
Gallibacterium anatis	750	species	2694139	4	0	0.0
Anaplasma centrale	769	species	1206806	8	0	0.0
Anaplasma marginale	770	species	1200061	7	1	0.0
Bartonella	773	genus	0	2	0	0.0
Bartonella bacilliformis	774	species	1444212	36	12	0.0
Coxiella burnetii	777	species	2076694	4	1	0.0
Ehrlichia ruminantium	779	species	2264626	7	0	0.0
Rickettsia	780	genus	0	1	0	0.0
Orientia tsutsugamushi	784	species	2068019	9	2	0.0
Rickettsia australis	787	species	1323280	1	0	0.0
Rickettsia canadensis	788	species	1155000	1	0	0.0
Bartonella quintana	803	species	1584515	13	3	0.0
Bacteroides fragilis	817	species	7824806	96	0	0.0
Bacteroides thetaiotaomicron	818	species	6390542	124	0	0.0
Bacteroides vulgatus	821	species	5163189	123	0	0.0
Parabacteroides distasonis	823	species	4811379	208	7	0.0
Campylobacter gracilis	824	species	2281652	3	0	0.0
Sebaldella termitidis	826	species	4486650	1	0	0.0
Campylobacter ureolyticus	827	species	1641887	1	0	0.0
Fibrobacter succinogenes	833	species	7685639	2	2	0.0
Porphyromonas gingivalis	837	species	2343668	14	0	0.0
Fusobacterium nucleatum	851	species	2948417	8	0	0.0
Syntrophomonas wolfei	863	species	2936195	1	1	0.0
Desulfovibrio	872	genus	0	1	0	0.0
Desulfovibrio africanus	873	species	4200534	5	0	0.0
Desulfovibrio desulfuricans	876	species	3366008	7	0	0.0
Desulfovibrio vulgaris	881	species	3802302	10	1	0.0
Desulfobulbus propionicus	894	species	3851869	6	2	0.0
Desulfococcus multivorans	897	species	4455399	8	3	0.0
Desulfomicrobium baculatum	899	species	3942657	5	0	0.0
Acidaminococcus	904	genus	0	1	0	0.0
Acidaminococcus fermentans	905	species	2329769	4	3	0.0
Megasphaera	906	genus	0	1	0	0.0
Megasphaera elsdenii	907	species	2504349	1	0	0.0
Nitrobacter hamburgensis	912	species	5011522	13	0	0.0
Nitrobacter winogradskyi	913	species	3402093	11	1	0.0
Nitrosomonas europaea	915	species	2812094	6	0	0.0
Nitrosomonas eutropha	916	species	2781824	6	0	0.0
Acidithiobacillus ferrooxidans	920	species	2933717	2	0	0.0
Starkeya novella	921	species	4765023	22	4	0.0
Thiomonas intermedia	926	species	3462095	10	2	0.0
Halothiobacillus neapolitanus	927	species	2582886	6	1	0.0
Hydrogenobacter thermophilus	940	species	3486067	1	0	0.0
Ehrlichia canis	944	species	1315030	8	0	0.0
Ehrlichia chaffeensis	945	species	1174554	8	0	0.0
Anaplasma phagocytophilum	948	species	1493914	8	0	0.0
Neorickettsia risticii	950	species	879977	21	0	0.0
Neorickettsia sennetsu	951	species	859006	21	0	0.0
Francisella persica	954	species	3057444	4	1	0.0
Bdellovibrio bacteriovorus	959	species	3652240	3	2	0.0
Herbaspirillum seropedicae	964	species	8221139	47	1	0.0
Selenomonas ruminantium	971	species	3631933	2	1	0.0
Cellulophaga lytica	979	species	3795066	4	0	0.0
Pedobacter heparinus	984	species	5167383	5	0	0.0
Flavobacterium johnsoniae	986	species	5603295	936	0	0.0
Solitalea canadensis	995	species	5202069	24	17	0.0
Flavobacterium columnare	996	species	6492116	936	0	0.0
Flexibacter litoralis	999	species	4919337	2	2	0.0
Marivirga tractuosa	1006	species	4516490	4	0	0.0
Saprospira grandis	1008	species	4400185	5	4	0.0
Weeksella virosa	1014	species	2272954	4	0	0.0
Capnocytophaga ochracea	1018	species	2612925	6	0	0.0
Allochromatium vinosum	1049	species	3669074	1	0	0.0
Halorhodospira halophila	1053	species	2678452	96	0	0.0
Rhodobacter capsulatus	1061	species	3871920	39	1	0.0
Rhodobacter sphaeroides	1063	species	5768316	28	2	0.0
Rhodomicrobium vannielii	1069	species	4014469	9	0	0.0
Rhodopseudomonas palustris	1076	species	5408501	39	1	0.0
Blastochloris viridis	1079	species	11174693	5	0	0.0
Pararhodospirillum photometricum	1084	species	3876289	6	1	0.0
Rhodospirillum rubrum	1085	species	4379691	62	1	0.0
Chlorobium	1091	genus	0	1	0	0.0
Pelodictyon luteolum	1100	species	2364842	1	0	0.0
Prosthecochloris aestuarii	1102	species	2579695	1	0	0.0
Chloroflexus aurantiacus	1108	species	5258541	6	0	0.0
Porphyrobacter neustonensis	1112	species	3090363	42	0	0.0
Microcystis aeruginosa	1126	species	4810004	1	0	0.0
Synechocystis sp. PCC 6714	1147	species	3738889	1	0	0.0
Synechocystis sp. PCC 6803	1148	species	6436711	1	0	0.0
Trichodesmium erythraeum	1206	species	7750108	3	0	0.0
Nitrosococcus oceani	1229	species	3522111	3	0	0.0
Nitrosospira multiformis	1231	species	3234309	8	0	0.0
Leuconostoc	1243	genus	0	1	0	0.0
Leuconostoc gelidum	1244	species	1966103	2	0	0.0
Leuconostoc mesenteroides	1245	species	1966146	4	0	0.0
Leuconostoc lactis	1246	species	1788069	3	0	0.0
Oenococcus oeni	1247	species	1780517	2	0	0.0
Leuconostoc carnosum	1252	species	1773468	4	0	0.0
Finegoldia magna	1260	species	1986740	2	1	0.0
Ruminococcus albus	1264	species	4482087	3	3	0.0
Micrococcus luteus	1270	species	2501097	9	6	0.0
Dermacoccus nishinomiyaensis	1274	species	3113642	1	0	0.0
Kytococcus sedentarius	1276	species	2785024	2	0	0.0
Staphylococcus aureus	1280	species	7252422	3	0	0.0
Staphylococcus carnosus	1281	species	2605765	3	0	0.0
Staphylococcus epidermidis	1282	species	3296362	4	1	0.0
Staphylococcus haemolyticus	1283	species	2629003	3	0	0.0
Staphylococcus hyicus	1284	species	2472129	1	0	0.0
Staphylococcus simulans	1286	species	2647552	3	0	0.0
Staphylococcus warneri	1292	species	2560716	3	0	0.0
Staphylococcus schleiferi	1295	species	12494798	1	0	0.0
Deinococcus radiodurans	1299	species	6628921	5	0	0.0
Streptococcus	1301	genus	0	2	0	0.0
Streptococcus gordonii	1302	species	3335036	10	0	0.0
Streptococcus oralis	1303	species	1958690	1	0	0.0
Streptococcus salivarius	1304	species	3636237	4	0	0.0
Streptococcus suis	1307	species	2683756	3	0	0.0
Streptococcus thermophilus	1308	species	3463400	4	1	0.0
Streptococcus mutans	1309	species	2017559	13	0	0.0
Streptococcus agalactiae	1311	species	5721038	5	0	0.0
Streptococcus pneumoniae	1313	species	2272871	5	3	0.0
Streptococcus pyogenes	1314	species	4096430	5	0	0.0
Streptococcus parasanguinis	1318	species	2162630	2	0	0.0
Streptococcus dysgalactiae	1334	species	2149105	2	0	0.0
Streptococcus equi	1336	species	2140495	2	0	0.0
Streptococcus iniae	1346	species	2086959	4	0	0.0
Streptococcus parauberis	1348	species	2143887	1	0	0.0
Streptococcus uberis	1349	species	1852352	4	0	0.0
Enterococcus faecalis	1351	species	3401628	32	0	0.0
Enterococcus faecium	1352	species	5898717	30	0	0.0
Enterococcus gallinarum	1353	species	3821349	30	0	0.0
Enterococcus hirae	1354	species	2908247	34	4	0.0
Lactococcus lactis	1358	species	2704731	5815	5764	0.0
Lactococcus garvieae	1363	species	1957049	18	5	0.0
Lactococcus piscium	1364	species	2503066	51	9	0.0
Planococcus kocurii	1374	species	3485580	1	0	0.0
Aerococcus urinae	1376	species	2027618	2	0	0.0
Aerococcus viridans	1377	species	2199877	9	0	0.0
Atopobium parvulum	1382	species	1543805	5	0	0.0
Brevibacillus brevis	1393	species	6296436	2	0	0.0
Bacillus coagulans	1398	species	4327944	12	10	0.0
Bacillus licheniformis	1402	species	8559910	1	0	0.0
Bacillus megaterium	1404	species	5334474	1	0	0.0
Paenibacillus polymyxa	1406	species	6883167	7	1	0.0
Lysinibacillus sphaericus	1421	species	14371778	2	0	0.0
Bacillus subtilis	1423	species	7550081	4	0	0.0
Parageobacillus thermoglucosidans	1426	species	5935916	1	0	0.0
Bacillus thuringiensis	1428	species	10269592	1	0	0.0
Brevibacillus laterosporus	1465	species	5153859	1	0	0.0
Bacillus methanolicus	1471	species	3425208	2	0	0.0
Sporosarcina psychrophila	1476	species	4674191	1	0	0.0
Bacillus simplex	1478	species	5521719	1	0	0.0
Bacillus smithii	1479	species	3381292	1	0	0.0
Clostridium	1485	genus	0	1	0	0.0
Clostridium acetobutylicum	1488	species	4136895	1	0	0.0
Clostridium botulinum	1491	species	4637504	21	3	0.0
Clostridium butyricum	1492	species	13843423	2	0	0.0
Clostridium cellulovorans	1493	species	5262222	3	1	0.0
Clostridioides difficile	1496	species	6297836	16	9	0.0
Clostridium formicaceticum	1497	species	4586755	5	0	0.0
Clostridium pasteurianum	1501	species	7159922	3	0	0.0
Clostridium perfringens	1502	species	6907798	4	2	0.0
Clostridium sporogenes	1509	species	8284974	14	0	0.0
Clostridium tetani	1513	species	2869591	15	1	0.0
Ruminiclostridium thermocellum	1515	species	3634338	1	1	0.0
Thermoanaerobacterium thermosaccharolyticum	1517	species	2840014	1	0	0.0
Clostridium tyrobutyricum	1519	species	3134437	14	0	0.0
Clostridium beijerinckii	1520	species	6161692	2	0	0.0
[Clostridium] cellulolyticum	1521	species	4068724	1	0	0.0
Clostridium kluyveri	1534	species	3989551	18	0	0.0
Clostridium ljungdahlii	1538	species	4630065	6	0	0.0
Clostridium novyi	1542	species	2547720	1	0	0.0
Clostridium scatologenes	1548	species	5749410	3	0	0.0
Gottschalkia acidurici	1556	species	3108248	6	2	0.0
Clostridium baratii	1561	species	3338630	1	0	0.0
Desulfotomaculum ruminis	1564	species	3969014	4	1	0.0
Desulfotomaculum nigrificans	1565	species	2892255	3	0	0.0
Leifsonia xyli	1575	species	2955779	23	0	0.0
Lactobacillus casei	1582	species	3039836	5	0	0.0
Lactobacillus delbrueckii	1584	species	1920382	1	1	0.0
Lactobacillus helveticus	1587	species	3148198	1	1	0.0
Lactobacillus paracasei	1597	species	4200086	5	0	0.0
Lactobacillus salivarius	1624	species	2663133	22	4	0.0
Listeria ivanovii	1638	species	3701623	2	0	0.0
Listeria monocytogenes	1639	species	5926303	2	0	0.0
Listeria seeligeri	1640	species	2797636	2	0	0.0
Listeria innocua	1642	species	3093113	2	0	0.0
Listeria welshimeri	1643	species	2814130	2	0	0.0
Renibacterium salmoninarum	1646	species	3155250	2	0	0.0
Trueperella pyogenes	1661	species	3453353	3	0	0.0
Arthrobacter	1663	genus	0	1	0	0.0
Bifidobacterium adolescentis	1680	species	3233293	34	3	0.0
Bifidobacterium bifidum	1681	species	2209322	26	3	0.0
Bifidobacterium angulatum	1683	species	2043306	20	2	0.0
Bifidobacterium asteroides	1684	species	2167304	21	0	0.0
Bifidobacterium breve	1685	species	2328021	25	1	0.0
Bifidobacterium catenulatum	1686	species	2079525	16	0	0.0
Bifidobacterium coryneforme	1687	species	1755151	7	0	0.0
Bifidobacterium dentium	1689	species	2636018	144	30	0.0
Bifidobacterium indicum	1691	species	1734546	7	1	0.0
Bifidobacterium pseudolongum	1694	species	2032698	252	4	0.0
Cellulomonas flavigena	1711	species	4123179	5	0	0.0
Corynebacterium glutamicum	1718	species	6155998	4	1	0.0
Corynebacterium callunae	1721	species	2928683	1	0	0.0
Corynebacterium variabile	1727	species	3433007	1	0	0.0
Peptoclostridium acidaminophilum	1731	species	3055036	5	2	0.0
Eubacterium limosum	1736	species	4233519	5175	4527	0.0
Thermodesulfobacterium commune	1741	species	1764045	1	0	0.0
Propionibacterium freudenreichii	1744	species	2646865	49	0	0.0
Propionibacterium acnes	1747	species	3361368	16	3	0.0
Acidipropionibacterium acidipropionici	1748	species	7323316	10	0	0.0
Pseudopropionibacterium propionicum	1750	species	3449360	4	0	0.0
Thermoanaerobacter	1754	genus	0	1	0	0.0
Mycobacterium	1763	genus	0	1	0	0.0
Mycobacterium bovis	1765	species	6302864	2	1	0.0
Mycobacterium leprae	1769	species	3268137	1	0	0.0
Rhodococcus	1827	genus	0	2	0	0.0
Rhodococcus fascians	1828	species	5502110	5	0	0.0
Saccharopolyspora erythraea	1836	species	8212805	1	0	0.0
Frankia alni	1859	species	7497934	2	0	0.0
Actinoplanes missouriensis	1866	species	8773466	2	0	0.0
Streptomyces	1883	genus	0	2	0	0.0
Streptomyces albus	1888	species	15352626	1	0	0.0
Streptomyces scabiei	1930	species	10148695	1	0	0.0
Streptomyces noursei	1971	species	9815884	1	0	0.0
Streptosporangium roseum	2001	species	10369518	5	0	0.0
Nocardiopsis dassonvillei	2014	species	6543312	7	0	0.0
Thermomonospora curvata	2020	species	5639016	1	0	0.0
Thermobifida fusca	2021	species	3642249	5	0	0.0
Microbacterium testaceum	2033	species	3982034	8	0	0.0
Tropheryma whipplei	2039	species	926620	37	1	0.0
Aeromicrobium erythreum	2041	species	3629239	8	5	0.0
Pimelobacter simplex	2045	species	5637360	9	0	0.0
Rothia dentocariosa	2047	species	2506025	1	0	0.0
Mobiluncus curtisii	2051	species	2146480	4	0	0.0
Gordonia bronchialis	2054	species	5290012	1	0	0.0
Gordonia terrae	2055	species	5701501	1	0	0.0
Kitasatospora setae	2066	species	8783278	2	0	0.0
Mycoplasma	2093	genus	0	1	0	0.0
Mycoplasma arginini	2094	species	678592	9	0	0.0
Mycoplasma capricolum	2095	species	1692864	3	0	0.0
Mycoplasma gallisepticum	2096	species	968554	2	1	0.0
Mycoplasma hominis	2098	species	925558	6	0	0.0
Mycoplasma hyopneumoniae	2099	species	909234	1	0	0.0
Mycoplasma hyorhinis	2100	species	836420	1	0	0.0
Mycoplasma mycoides	2102	species	2100167	4	1	0.0
Mycoplasma leachii	2105	species	1008951	3	0	0.0
Mycoplasma agalactiae	2110	species	942070	8	0	0.0
Mycoplasma arthritidis	2111	species	820453	6	0	0.0
Mycoplasma californicum	2113	species	796464	4	0	0.0
Mycoplasma fermentans	2115	species	1048137	8	0	0.0
Mycoplasma mobile	2118	species	777079	1	0	0.0
Mycoplasma putrefaciens	2123	species	846299	3	0	0.0
Mycoplasma flocculare	2128	species	778866	1	0	0.0
Ureaplasma urealyticum	2130	species	874478	1	0	0.0
Spiroplasma apis	2137	species	1160554	1	0	0.0
Spiroplasma mirum	2144	species	2265199	2	0	0.0
Spiroplasma taiwanense	2145	species	1086278	1	0	0.0
Acholeplasma laidlawii	2148	species	1496992	2	0	0.0
Mesoplasma florum	2151	species	809524	5	0	0.0
Methanococcus vannielii	2187	species	1720048	1	0	0.0
Methanotorris igneus	2189	species	1854197	1	0	0.0
Methanocaldococcus jannaschii	2190	species	1739927	1	0	0.0
Methanocorpusculum	2192	genus	0	1	0	0.0
Thermoproteus tenax	2271	species	1841542	16	0	0.0
Pyrobaculum islandicum	2277	species	1826402	16	0	0.0
Sulfolobus	2284	genus	0	1	0	0.0
Sulfolobus acidocaldarius	2285	species	2172056	1	0	0.0
Sulfolobus solfataricus	2287	species	5625717	20	0	0.0
Desulfobacterium autotrophicum	2296	species	5657782	2	0	0.0
Thermoanaerobacter kivui	2325	species	2397824	8	0	0.0
Halanaerobium praevalens	2331	species	2309262	14	0	0.0
Thermotoga	2335	genus	0	1	0	0.0
Thermotoga maritima	2336	species	5599391	1	0	0.0
Haliscomenobacter hydrossis	2350	species	8771651	2	1	0.0
Flexistipes sinusarabici	2352	species	2526590	6	1	0.0
Desulfomonile tiedjei	2358	species	6527027	4	1	0.0
Xylella fastidiosa	2371	species	2609554	5	1	0.0
Fervidobacterium islandicum	2423	species	2237377	2	0	0.0
Fervidobacterium nodosum	2424	species	1948941	18	13	0.0
Teredinibacter turnerae	2426	species	5193164	9	0	0.0
Roseobacter denitrificans	2434	species	4331234	5	0	0.0
Gardnerella vaginalis	2702	species	1669705	18	14	0.0
Hirschia baltica	2724	species	3540114	12	5	0.0
Symbiobacterium thermophilum	2734	species	3566135	24	7	0.0
Marinobacter	2742	genus	0	1	0	0.0
Marinobacter hydrocarbonoclasticus	2743	species	4384621	2	0	0.0
Halomonas elongata	2746	species	4061296	11	1	0.0
Homo sapiens	9606	species	3238442024	36	15	0.0
Escherichia virus Lambda	10710	species	48502	1	0	0.0
Acidovorax	12916	genus	0	2	0	0.0
Burkholderia mallei	13373	species	18282343	19	0	0.0
Sphingomonas	13687	genus	0	9	0	0.0
Bifidobacterium animalis	28025	species	2054141	4694	4272	0.0
Bifidobacterium pseudocatenulatum	28026	species	2313752	16	0	0.0
Lysinibacillus fusiformis	28031	species	4843789	2	0	0.0
Staphylococcus lugdunensis	28035	species	3479969	2	2	0.0
Streptococcus mitis	28037	species	3110438	1	0	0.0
Acidothermus cellulolyticus	28049	species	2443540	3	1	0.0
Rubrivivax gelatinosus	28068	species	5043253	21	0	0.0
Neisseria weaveri	28091	species	2188497	18	1	0.0
Burkholderia gladioli	28095	species	8975879	5	0	0.0
Alteromonas macleodii	28108	species	5557691	3	0	0.0
Francisella philomiragia	28110	species	4757195	10	0	0.0
Tannerella forsythia	28112	species	3383154	13	0	0.0
Bacteroides ovatus	28116	species	6473892	127	0	0.0
Odoribacter splanchnicus	28118	species	4392288	7	0	0.0
Porphyromonas asaccharolytica	28123	species	2186370	8	0	0.0
Prevotella denticola	28129	species	2937589	2	1	0.0
Prevotella melaninogenica	28132	species	3168282	1	0	0.0
Serratia proteamaculans	28151	species	5495657	2	0	0.0
Vibrio nigripulchritudo	28173	species	6322155	2	1	0.0
Leptospira santarosai	28183	species	3983611	2	0	0.0
Capnocytophaga canimorsus	28188	species	2571406	3	0	0.0
Arcobacter butzleri	28197	species	2283719	4	0	0.0
Arcobacter nitrofigilis	28199	species	3192235	4	0	0.0
Desulfobacula toluolica	28223	species	5197905	4	0	0.0
Mycoplasma penetrans	28227	species	1358633	5	3	0.0
Colwellia psychrerythraea	28229	species	5373180	2	0	0.0
Geobacter metallireducens	28232	species	4011182	11	0	0.0
Ornithobacterium rhinotracheale	28251	species	2398521	52	21	0.0
Thermodesulfovibrio yellowstonii	28262	species	2003803	6	0	0.0
Arcanobacterium haemolyticum	28264	species	1986154	3	0	0.0
[Clostridium] propionicum	28446	species	3120417	2	0	0.0
Clavibacter michiganensis	28447	species	3302478	43	0	0.0
Komagataeibacter xylinus	28448	species	3905082	20	0	0.0
Burkholderia pseudomallei	28450	species	11222453	19	0	0.0
Leptospira alstonii	28452	species	4591888	2	0	0.0
Salmonella enterica	28901	species	6689149	5	2	0.0
Mycoplasma bovis	28903	species	1562794	8	0	0.0
Thermoanaerobacter brockii	29323	species	2344824	8	0	0.0
Thermoanaerobacterium xylanolyticum	29329	species	2534358	1	0	0.0
[Clostridium] cellulosi	29343	species	2229578	2	0	0.0
Cellulosilyticum lentocellum	29360	species	4714237	3	1	0.0
Staphylococcus capitis	29388	species	2503265	21	3	0.0
Microlunatus phosphovorus	29405	species	5683123	1	0	0.0
Moraxella ovis	29433	species	2306095	29	3	0.0
Xanthomonas albilineans	29447	species	3852299	180	41	0.0
Rhizobium etli	29449	species	6784960	3	0	0.0
Brucella melitensis	29459	species	4250264	466	0	0.0
Brucella suis	29461	species	8101909	466	0	0.0
Veillonella parvula	29466	species	2132142	3	0	0.0
Pectobacterium atrosepticum	29471	species	7546597	2	0	0.0
Yersinia frederiksenii	29484	species	4550894	2	2	0.0
Photorhabdus luminescens	29488	species	5688987	3	0	0.0
Vibrio furnissii	29494	species	4916408	1	0	0.0
Vibrio tubiashii	29498	species	5540337	1	0	0.0
Turneriella parva	29510	species	4409302	1	1	0.0
Pelobacter propionicus	29543	species	4241119	7	0	0.0
Lawsonia intracellularis	29546	species	1719103	6	1	0.0
Rhodothermus marinus	29549	species	3360429	2	0	0.0
Mycoplasma canadense	29554	species	693241	6	0	0.0
Taylorella equigenitalis	29575	species	1713991	2	0	0.0
Halothermothrix orenii	31909	species	2578146	11	0	0.0
Methylobacterium radiotolerans	31998	species	6899110	7	1	0.0
Achromobacter denitrificans	32002	species	6226215	22	0	0.0
Burkholderia	32008	genus	0	2	0	0.0
Helicobacter hepaticus	32025	species	1799146	2	0	0.0
Synechococcus elongatus	32046	species	2719262	1	0	0.0
synthetic construct	32630	species	26537524	3326	77	1.54961e-05
Desulfurella acetivorans	33002	species	1819992	6	1	0.0
Cutibacterium avidum	33010	species	2627993	51	1	0.0
Parvimonas micra	33033	species	1627009	2	1	0.0
Anaerococcus prevotii	33034	species	1998633	53	50	0.0
Bartonella grahamii	33045	species	2369520	131	0	0.0
Bartonella vinsonii	33047	species	1802699	131	0	0.0
Sphingopyxis macrogoltabida	33050	species	16800329	19	0	0.0
Sphingopyxis terrae	33052	species	3983415	19	0	0.0
Kinetoplastibacterium	33055	genus	0	4	0	0.0
Candidatus Kinetoplastibacterium crithidii	33056	species	821871	10	1	0.0
Coriobacterium glomerans	33871	species	2115681	23	0	0.0
Rathayibacter tritici	33888	species	3354681	1	0	0.0
Bifidobacterium thermophilum	33905	species	2291643	288	4	0.0
Amycolatopsis mediterranei	33910	species	13655759	1	0	0.0
Anoxybacillus flavithermus	33934	species	2846746	2	0	0.0
Geobacillus thermodenitrificans	33940	species	3608012	2	0	0.0
Geobacillus thermoleovorans	33941	species	5320134	1	0	0.0
Kyrpidia tusciae	33943	species	3384766	2	1	0.0
Acetobacterium woodii	33952	species	4044777	705	54	0.0
Leuconostoc citreum	33964	species	1896614	5	0	0.0
Melissococcus plutonius	33970	species	2059558	29	0	0.0
Rickettsia bellii	33990	species	1525528	1	0	0.0
Neorickettsia helminthoeca	33994	species	884232	21	0	0.0
Gluconacetobacter diazotrophicus	33996	species	7914538	19	0	0.0
Paracoccus aminophilus	34003	species	4873118	151	40	0.0
Rhodospirillum centenum	34018	species	4355543	39	25	0.0
Candidatus Liberibacter africanus	34020	species	1192232	7	0	0.0
Candidatus Liberibacter asiaticus	34021	species	1229983	8	1	0.0
Leptothrix cholodnii	34029	species	4909403	14	3	0.0
Rahnella aquatilis	34038	species	5656799	2	0	0.0
Moraxella osloensis	34062	species	2649137	2	1	0.0
Variovorax paradoxus	34073	species	6817856	11	3	0.0
Riemerella anatipestifer	34085	species	2813253	6	1	0.0
Pelodictyon phaeoclathratiforme	34090	species	3018238	1	0	0.0
Blattabacterium	34098	genus	0	1	0	0.0
Streptobacillus moniliformis	34105	species	1673280	2	0	0.0
Geobacter sulfurreducens	35554	species	3764200	1	0	0.0
Acholeplasma oculi	35623	species	1587120	2	0	0.0
Citrobacter amalonaticus	35703	species	7931914	8	2	0.0
Corynebacterium kutscheri	35755	species	2354065	1	0	0.0
Coprothermobacter proteolyticus	35786	species	1424912	1	0	0.0
Rickettsia japonica	35790	species	1283087	1	0	0.0
Ehrlichia muris	35795	species	1196717	4	0	0.0
Nitrosospira briensis	35799	species	3210113	13	0	0.0
Rhodovulum sulfidophilum	35806	species	6638597	14	2	0.0
Bordetella holmesii	35814	species	3697767	7	0	0.0
Clostridium saccharoperbutylacetonicum	36745	species	6666445	2	0	0.0
Brucella canis	36855	species	6599418	239	0	0.0
Thiobacillus denitrificans	36861	species	2909809	12	4	0.0
Paraburkholderia xenovorans	36873	species	19434089	1	0	0.0
Marichromatium purpuratum	37487	species	3779112	113	1	0.0
Thermus scotoductus	37636	species	2355186	1	0	0.0
Enterococcus casseliflavus	37734	species	3427276	30	0	0.0
Sinomonas atrocyanea	37927	species	4492204	1	1	0.0
Corynebacterium jeikeium	38289	species	2476822	1	0	0.0
Pseudothermotoga elfii	38322	species	2169860	1	0	0.0
Bartonella henselae	38323	species	3858658	15	0	0.0
Acholeplasma palmae	38986	species	1554229	2	0	0.0
[Eubacterium] eligens	39485	species	2831389	3	2	0.0
[Eubacterium] rectale	39491	species	3449685	1	0	0.0
Mesorhizobium ciceri	39645	species	6838036	1243	342	0.0
Thiomicrospira crunogena	39765	species	2427734	2	1	0.0
Sulfurimonas denitrificans	39766	species	2201561	2	0	0.0
Blattabacterium sp. (Mastotermes darwiniensis)	39768	species	590336	1	0	0.0
Erythrobacter litoralis	39960	species	3151875	8	0	0.0
Oligotropha carboxidovorans	40137	species	5740737	21	1	0.0
Acinetobacter johnsonii	40214	species	4081329	3265	3200	0.0
Aliivibrio salmonicida	40269	species	4655660	5	0	0.0
Stenotrophomonas maltophilia	40324	species	6512435	42	11	0.0
Leptotrichia buccalis	40542	species	2465610	25	0	0.0
Actinosynnema mirum	40567	species	8248144	3	1	0.0
Xenorhabdus bovienii	40576	species	4523083	6	0	0.0
Xenorhabdus poinarii	40577	species	3659523	4	0	0.0
Thioploca ingrica	40754	species	4810005	2	1	0.0
Burkholderia plantarii	41899	species	8081051	5	0	0.0
Nitrospira moscoviensis	42253	species	4589485	1	0	0.0
Rubrobacter radiotolerans	42256	species	3267233	14	1	0.0
Halobacteroides halobius	42422	species	2649255	2	2	0.0
Roseobacter litoralis	42443	species	4745450	6	1	0.0
Marinovum algicola	42444	species	5252390	8	0	0.0
Ammonifex degensii	42838	species	2157067	5	0	0.0
Rickettsia felis	42862	species	1587240	1	0	0.0
Sulfolobus islandicus	43080	species	2647110	4	0	0.0
Pseudomonas alcaligenes	43263	species	4406305	2	0	0.0
Pseudomonas denitrificans	43306	species	5696307	3	0	0.0
Kutzneria albida	43357	species	9874926	7	0	0.0
Pseudoalteromonas luteoviolacea	43657	species	18666577	1	0	0.0
Pseudoalteromonas rubra	43658	species	5913780	1	0	0.0
Jonesia denitrificans	43674	species	2749646	3	3	0.0
Rothia mucilaginosa	43675	species	2278659	1	0	0.0
Tolumonas auensis	43948	species	3471292	2	0	0.0
Ferrimonas balearica	44012	species	4279159	4	0	0.0
Polynucleobacter	44013	genus	0	1	0	0.0
Bradyrhizobium oligotrophicum	44255	species	8264165	11	0	0.0
Nitrosomonas communis	44574	species	4067838	6	0	0.0
Nitrosomonas ureae	44577	species	3307820	15	0	0.0
Desulfovibrio fairfieldensis	44742	species	3699310	6	0	0.0
Capnocytophaga haemolytica	45243	species	2688484	9	3	0.0
Mycoplasma bovoculi	45362	species	760240	2	0	0.0
Streptococcus cristatus	45634	species	2142100	3	0	0.0
Desulfohalobium retbaense	45663	species	2909567	27	0	0.0
Staphylococcus pasteuri	45972	species	2559946	3	0	0.0
Oenococcus	46254	genus	0	1	0	0.0
Weissella	46255	genus	0	1	0	0.0
Thermoanaerobacter wiegelii	46354	species	2785056	8	0	0.0
Sphingobium chlorophenolicum	46429	species	4573221	18	0	0.0
Thermosipho melanesiensis	46541	species	1915238	1	0	0.0
Lactobacillus rhamnosus	47715	species	3484485	5	0	0.0
Spiroplasma kunkelii	47834	species	1514561	1	0	0.0
Micromonospora aurantiaca	47850	species	7025559	2	0	0.0
Pseudomonas corrugata	47879	species	6124363	1	0	0.0
Pseudomonas oryzihabitans	47885	species	4834356	13	0	0.0
Serratia fonticola	47917	species	12326310	2	0	0.0
Acinetobacter pittii	48296	species	6018266	17	0	0.0
Xanthomonas fragariae	48664	species	8565300	2537	0	0.0
Ralstonia	48736	genus	0	1	0	0.0
Novosphingobium aromaticivorans	48935	species	4233314	24	7	0.0
Candidatus Arthromitus sp. SFB-mouse	49118	species	1603201	130	0	0.0
Syntrophobotulus glycolicus	51197	species	3406739	1	0	0.0
Wigglesworthia glossinidia	51229	species	711269	63	58	0.0
Mycoplasma yeatsii	51365	species	895051	4	0	0.0
Aerococcus urinaeequi	51665	species	4067667	9	0	0.0
Tetragenococcus halophilus	51669	species	2476095	72	69	0.0
Prevotella dentalis	52227	species	3350206	2	0	0.0
Actinomyces meyeri	52773	species	2049088	5	0	0.0
Pseudoalteromonas	53246	genus	0	1	0	0.0
Enterococcus durans	53345	species	6143683	30	0	0.0
Enterococcus mundtii	53346	species	3351060	30	0	0.0
Intrasporangium calvum	53358	species	4024382	3	0	0.0
Hyphomicrobium denitrificans	53399	species	3723828	8	2	0.0
Pseudomonas citronellolis	53408	species	14631203	3	0	0.0
Pseudomonas resinovorans	53412	species	6484828	2	0	0.0
Xanthomonas axonopodis	53413	species	5343358	2009	1	0.0
Nocardiopsis alba	53437	species	5848211	7	0	0.0
Acidimicrobium ferrooxidans	53635	species	2158157	3	0	0.0
Octadecabacter	53945	genus	0	1	0	0.0
Octadecabacter arcticus	53946	species	5478249	19	3	0.0
Pleurocapsa minor	54308	species	4986817	1	0	0.0
Deinococcus proteolyticus	55148	species	2886836	1	0	0.0
Flavobacterium branchiophilum	55197	species	3563292	185	0	0.0
Pectobacterium wasabiae	55208	species	5043228	2	0	0.0
Janthinobacterium agaricidamnosum	55508	species	5949001	22	0	0.0
Magnetospirillum gryphiswaldense	55518	species	4365796	6	2	0.0
Bartonella clarridgeiae	56426	species	1522743	15	0	0.0
Xanthomonas sacchari	56458	species	5006106	1901	0	0.0
Rhizobium gallicum	56730	species	7311190	5	0	0.0
Thermus oshimai	56957	species	2401329	2	0	0.0
Pseudothermotoga hypogea	57487	species	4330581	9	0	0.0
Burkholderia thailandensis	57975	species	9210179	22	3	0.0
Colwellia sp. MT41	58049	species	4337945	2	0	0.0
Moritella	58050	genus	0	1	0	0.0
Desulfotomaculum kuznetsovii	58135	species	3601386	1	0	0.0
Desulfotomaculum acetoxidans	58138	species	4545624	4	3	0.0
Desulfovibrio alaskensis	58180	species	3730232	4	0	0.0
Streptococcus macedonicus	59310	species	2142762	2	0	0.0
Actinotignum schaalii	59505	species	2159306	4	1	0.0
Cellulophaga algicola	59600	species	4888353	4	0	0.0
Desulfotomaculum reducens	59610	species	3608104	4	0	0.0
Candidatus Phytoplasma australiense	59748	species	919869	1	0	0.0
Alcanivorax	59753	genus	0	1	0	0.0
Alcanivorax borkumensis	59754	species	3120143	11	0	0.0
Shewanella violacea	60217	species	4962103	3	0	0.0
Shewanella amazonensis	60478	species	4306142	8	6	0.0
Shewanella sp. MR-4	60480	species	4706287	19	0	0.0
Shewanella sp. MR-7	60481	species	4799109	19	0	0.0
Burkholderia pyrrocinia	60550	species	7961346	1	0	0.0
Burkholderia vietnamiensis	60552	species	14209387	5	0	0.0
Phaeobacter gallaeciensis	60890	species	4300940	21	2	0.0
Desulfobacca acetoxidans	60893	species	3282536	1	0	0.0
Sanguibacter keddieii	60920	species	4253413	6	1	0.0
Shewanella woodyi	60961	species	5935403	2	0	0.0
Dehalococcoides mccartyi	61435	species	1417114	2	0	0.0
Paenibacillus mucilaginosus	61624	species	8740689	2	0	0.0
Acholeplasma brassicae	61635	species	1877792	1	0	0.0
Enterobacter asburiae	61645	species	6470569	1	0	0.0
Lelliottia amnigena	61646	species	4616371	1	1	0.0
Pluralibacter gergoviae	61647	species	5489680	1	0	0.0
Kluyvera intermedia	61648	species	6166452	2	0	0.0
Acidiphilium multivorum	62140	species	4214744	1	0	0.0
Azoarcus sp. BH72	62928	species	4376040	9	0	0.0
Acinetobacter sp. ADP1	62977	species	3598621	4	1	0.0
Zobellia galactanivorans	63186	species	5521712	8	0	0.0
Aquifex aeolicus	63363	species	1590791	2	0	0.0
Sodalis glossinidius	63612	species	4292502	9	2	0.0
Sideroxydans lithotrophicus	63745	species	3003656	21	2	0.0
Desulfurobacterium thermolithotrophum	64160	species	1541968	7	0	0.0
Halothece sp. PCC 7418	65093	species	4179170	2	0	0.0
Desulfocapsa sulfexigens	65555	species	4023512	6	0	0.0
Pseudomonas knackmussii	65741	species	6162905	3	0	0.0
Wolbachia sp. wRi	66084	species	1445873	1	0	0.0
Lachnoclostridium phytofermentans	66219	species	4847594	6	2	0.0
Psychromonas	67572	genus	0	1	0	0.0
Methanocaldococcus infernus	67760	species	1328194	1	0	0.0
Edwardsiella ictaluri	67780	species	3812301	1	0	0.0
Citrobacter rodentium	67825	species	5444283	2	0	0.0
Actinobacillus succinogenes	67854	species	2319663	59	0	0.0
Streptomyces albulus	68570	species	9578489	1	0	0.0
Cupriavidus basilensis	68895	species	8421483	551	0	0.0
Deinococcus geothermalis	68909	species	3247018	1	0	0.0
Caulobacter henricii	69395	species	3957288	2	0	0.0
Petrotoga mobilis	69499	species	2169548	11	0	0.0
Selenomonas sputigena	69823	species	2568361	14	1	0.0
Staphylococcus condimenti	70255	species	2659676	3	0	0.0
Shewanella pealeana	70864	species	5174581	3	0	0.0
Mesorhizobium amorphae	71433	species	7343952	23	0	0.0
Thiocystis violascens	73141	species	5017071	18	0	0.0
Methanocaldococcus vulcanius	73913	species	1761737	1	0	0.0
Thermaerobacter marianensis	73919	species	2844696	16	0	0.0
Photobacterium profundum	74109	species	6403280	1	0	0.0
Brevundimonas subvibrioides	74313	species	3445263	4	1	0.0
Maricaulis maris	74318	species	3368780	15	2	0.0
Pseudomonas balearica	74829	species	4383480	3	1	0.0
Paraburkholderia caribensis	75105	species	13917408	6	1	0.0
Castellaniella defragrans	75697	species	3952818	6	0	0.0
Thermocrinis ruber	75906	species	1521037	1	0	0.0
Campylobacter hominis	76517	species	1714951	14	9	0.0
Cellulophaga baltica	76594	species	4597822	4	0	0.0
Roseateles depolymerans	76731	species	5681722	17	3	0.0
Myroides odoratimimus	76832	species	4457748	11	0	0.0
Solibacillus silvestris	76853	species	3987727	1	0	0.0
Caldivirga maquilingensis	76887	species	2077567	2	0	0.0
Wolbachia endosymbiont of Drosophila simulans	77038	species	1298813	1	0	0.0
Parascardovia denticolens	78258	species	1890857	3	0	0.0
Scardovia inopinata	78259	species	1797862	9	1	0.0
Asticcacaulis excentricus	78587	species	4308776	3	0	0.0
Denitrobacterium detoxificans	79604	species	2446250	25	2	0.0
Erwinia pyrifoliae	79967	species	4072846	1	0	0.0
Thioflavicoccus mobilis	80679	species	4137521	20	0	0.0
Haliangium ochraceum	80816	species	9446314	13	9	0.0
Herbaspirillum rubrisubalbicans	80842	species	5611261	42	3	0.0
Wolbachia endosymbiont of Brugia malayi	80849	species	1080084	2	0	0.0
Aliivibrio wodanis	80852	species	4635126	5	0	0.0
Moritella viscosa	80854	species	5093989	3	2	0.0
Delftia	80865	genus	0	1	0	0.0
Delftia acidovorans	80866	species	6767514	12	0	0.0
Acidovorax avenae	80867	species	5482170	8	0	0.0
Acidovorax citrulli	80869	species	5352772	8	0	0.0
Hyphomonas neptunium	81032	species	3705021	7	1	0.0
Thermanaerovibrio acidaminovorans	81462	species	1848474	22	0	0.0
Aminobacterium colombiense	81468	species	1980592	6	1	0.0
Frateuria aurantia	81475	species	3603458	20	1	0.0
Cupriavidus gilardii	82541	species	5578743	9	2	0.0
Pseudanabaena sp. PCC 7367	82654	species	4885680	2	1	0.0
Pragia fontium	82985	species	4094629	4	1	0.0
Serratia plymuthica	82996	species	6554843	2	0	0.0
Methanocaldococcus fervens	83171	species	1507251	1	0	0.0
Aminobacter aminovorans	83263	species	6890726	3298	2497	0.0
gamma proteobacterium HdN1	83406	species	4587455	41	18	0.0
Myxococcus stipitatus	83455	species	10350586	10	0	0.0
Parachlamydia acanthamoebae	83552	species	3072383	1	0	0.0
Simkania negevensis	83561	species	2628375	1	0	0.0
Stenotrophomonas nitritireducens	83617	species	4541729	29	0	0.0
Methanocorpusculum labreanum	83984	species	1804962	11	0	0.0
Clostridium aceticum	84022	species	4207037	5	0	0.0
Clostridium autoethanogenum	84023	species	8704651	10	0	0.0
[Clostridium] saccharolyticum	84030	species	4662871	3	0	0.0
Slackia heliotrinireducens	84110	species	3165038	23	0	0.0
Magnetospirillum magneticum	84159	species	4967148	24	12	0.0
Cryptobacterium curtum	84163	species	1617804	30	0	0.0
Microbacterium chocolatum	84292	species	3168630	8	0	0.0
Hippea maritima	84405	species	1694430	17	0	0.0
Lysobacter antibioticus	84531	species	11681564	552	194	0.0
Pedobacter	84567	genus	0	1	0	0.0
Taylorella asinigenitalis	84590	species	1638559	4	0	0.0
Gordonia polyisoprenivorans	84595	species	5844299	1	1	0.0
Desulfotalea psychrophila	84980	species	3659634	5	2	0.0
Thauera sp. MZ1T	85643	species	4574586	14	1	0.0
Achromobacter xylosoxidans	85698	species	9063264	23	1	0.0
Bartonella tribocorum	85701	species	2636792	131	0	0.0
endosymbiont of Acanthamoeba sp. UWC8	86106	species	1615277	11	2	0.0
Syntrophothermus lipocalidus	86170	species	2405559	6	0	0.0
Saccharophagus degradans	86304	species	5057531	2	0	0.0
Mycoplasma dispar	86660	species	1084449	2	0	0.0
Aerococcus christensenii	87541	species	1634920	4	0	0.0
Burkholderia multivorans	87883	species	13696114	2	0	0.0
Caulobacter segnis	88688	species	4655622	3	1	0.0
Corynebacterium terpenotabidum	89154	species	2751233	1	0	0.0
Ruegeria pomeroyi	89184	species	4601048	13	1	0.0
Candidatus Paracaedibacter acanthamoebae	91604	species	2485110	36	26	0.0
Candidatus Portiera aleyrodidarum	91844	species	591920	2	2	0.0
Asaia bogorensis	91915	species	3198265	34	0	0.0
Thioalkalimicrobium aerophilum	92245	species	2158359	6	2	0.0
[Brevibacterium] flavum	92706	species	3339820	3	0	0.0
Ketogulonicigenium vulgare	92945	species	5302341	40	5	0.0
Pandoraea apista	93218	species	16769721	20	0	0.0
Pandoraea norimbergensis	93219	species	6167370	7	0	0.0
Pandoraea pnomenusa	93220	species	11008666	7	0	0.0
Pandoraea pulmonicola	93221	species	5867621	1	0	0.0
Pandoraea sputorum	93222	species	5751958	2	0	0.0
Edwardsiella hoshinae	93378	species	3811650	1	0	0.0
Fervidobacterium pennivorans	93466	species	2114116	2	0	0.0
Thermotoga naphthophila	93930	species	1809823	1	0	0.0
Shewanella sp. ANA-3	94122	species	5251146	19	0	0.0
Ramlibacter tataouinensis	94132	species	4493411	4	0	0.0
Dyadobacter fermentans	94254	species	6967790	13	0	0.0
Bordetella petrii	94624	species	5287950	11	1	0.0
Burkholderia stabilis	95485	species	8527947	1	0	0.0
Burkholderia cenocepacia	95486	species	15410767	20	5	0.0
Flavobacterium psychrophilum	96345	species	7603866	1070	1	0.0
Ruegeria	97050	genus	0	1	0	0.0
Halobacteriovorax marinus	97084	species	3437906	9	1	0.0
Anaerobaculum mobile	97477	species	2160700	5	0	0.0
Bacillus sp. OxB-1	98228	species	3594618	1	0	0.0
Onion yellows phytoplasma	100379	species	853092	4	0	0.0
Chloroherpeton thalassium	100716	species	3293456	2	0	0.0
Aequorivita sublithincola	101385	species	3520671	13	0	0.0
Candidatus Blochmannia pennsylvanicus	101534	species	791654	2	0	0.0
Burkholderia ubonensis	101571	species	22281372	27	2	0.0
Stanieria cyanosphaera	102116	species	5544990	1	1	0.0
Desulfotomaculum gibsoniae	102134	species	4855529	2	1	0.0
Streptococcus infantarius	102684	species	1913271	2	0	0.0
Saccharothrix espanaensis	103731	species	9360653	2	0	0.0
Rhodococcus pyridinivorans	103816	species	5590512	1	0	0.0
Bordetella hinzii	103855	species	9772861	6	0	0.0
Ralstonia mannitolilytica	105219	species	9915295	4063	3440	0.0
Methylibium petroleiphilum	105560	species	4643639	21	0	0.0
Cupriavidus	106589	genus	0	1	0	0.0
Cupriavidus necator	106590	species	7948767	2871	2294	0.0
Ensifer adhaerens	106592	species	7267502	639	0	0.0
Thioalkalivibrio versutus	106634	species	2969361	2	0	0.0
Acinetobacter nosocomialis	106654	species	4061750	17	0	0.0
Opitutus terrae	107709	species	5957605	10	3	0.0
Thioalkalivibrio paradoxus	108010	species	3756729	59	0	0.0
Thermoanaerobacter italicus	108150	species	2451061	12	0	0.0
Sinorhizobium medicae	110321	species	6817576	688	3	0.0
Pelotomaculum thermopropionicum	110500	species	3025375	1	0	0.0
Actinomyces radicidentis	111015	species	3051613	7	3	0.0
Muricauda ruestringensis	111501	species	3842422	16	1	0.0
Bathymodiolus septemdierum thioautotrophic gill symbiont	113267	species	1469434	7	0	0.0
Candidatus Carsonella ruddii	114186	species	157543	1	1	0.0
Bradyrhizobium sp. ORS 278	114615	species	7456587	11	0	0.0
Methylobacterium nodulans	114616	species	8839022	10	9	0.0
Sphingopyxis alaskensis	117207	species	3373713	40	0	0.0
Denitrovibrio acetiphilus	118000	species	3222077	5	0	0.0
Oscillatoria acuminata	118323	species	7804270	2	0	0.0
Aerococcus sanguinicola	119206	species	2033849	7	0	0.0
Cupriavidus metallidurans	119219	species	6913352	10	1	0.0
Pseudothermotoga thermarum	119394	species	2039943	9	0	0.0
Syntrophobacter fumaroxidans	119484	species	4990251	5	2	0.0
Marinomonas mediterranea	119864	species	4684316	19	10	0.0
Brucella pinnipedialis	120576	species	3365148	239	0	0.0
Brucella ceti	120577	species	3278034	239	0	0.0
Roseiflexus castenholzii	120962	species	5723298	4	0	0.0
Pannonibacter phragmitetus	121719	species	5669701	20	0	0.0
Bordetella trematum	123899	species	4485537	7	0	0.0
Stenotrophomonas acidaminiphila	128780	species	4138297	178	2	0.0
Aerococcus urinaehominis	128944	species	1831400	7	2	0.0
Geobacillus subterraneus	129338	species	3474426	4	0	0.0
Carboxydothermus hydrogenoformans	129958	species	2401520	1	0	0.0
Kineococcus radiotolerans	131568	species	4956672	2	0	0.0
Desulfomicrobium orale	132132	species	2783374	1	0	0.0
Caldilinea aerophila	133453	species	5144873	26	21	0.0
Nitrosococcus halophilus	133539	species	4145260	13	4	0.0
Leisingera methylohalidivorans	133924	species	4650996	20	1	0.0
secondary endosymbiont of Heteropsylla cubana	134287	species	1121596	1	1	0.0
Paraburkholderia fungorum	134537	species	9058983	3	0	0.0
Candidatus Xiphinematobacter	134550	genus	0	1	0	0.0
Actinoplanes sp. SE50/110	134676	species	9239851	2	0	0.0
Ureaplasma parvum	134821	species	743562	1	0	0.0
Idiomarina loihiensis	135577	species	2839538	1	0	0.0
Piscirickettsiaceae	135616	family	0	1	0	0.0
Bacillus endophyticus	135735	species	5313985	1	0	0.0
Thermocrinis albus	136094	species	1500577	1	0	0.0
Leuconostoc kimchii	136609	species	2101787	5	0	0.0
Corynebacterium testudinoris	136857	species	2721226	1	0	0.0
Weissella cibaria	137591	species	2577731	4	0	0.0
Helicobacter cetorum	138563	species	1903950	1	0	0.0
Desulfitobacterium metallireducens	142877	species	3176073	11	10	0.0
[Eubacterium] sulci	143393	species	1739380	38	1	0.0
Rathayibacter toxicus	145458	species	4674320	42	0	0.0
Thermosynechococcus elongatus	146786	species	2593857	1	0	0.0
Azospira oryzae	146939	species	3806980	4	1	0.0
Thioalkalimicrobium cyclicum	147268	species	1932455	2	0	0.0
Carnobacterium inhibens	147709	species	2497115	5	0	0.0
Paraburkholderia phymatum	148447	species	8676562	4	0	0.0
Sulfuricurvum kujiense	148813	species	2819357	2	0	0.0
Marinitoga piezophila	149715	species	2244793	1	1	0.0
Streptococcus lutetiensis	150055	species	1975547	2	0	0.0
Vibrio antiquarius	150340	species	5089025	1	0	0.0
Pseudopedobacter saltans	151895	species	4635236	115	0	0.0
Chloroflexus aggregans	152260	species	4684931	2	0	0.0
Pseudoalteromonas issachenkonii	152297	species	4131541	1	0	0.0
Burkholderia ambifaria	152480	species	11349840	6	1	0.0
Sphingomonas melonis	152682	species	4196755	65	0	0.0
Corynebacterium efficiens	152794	species	3219505	2	0	0.0
Kozakia baliensis	153496	species	6599181	19	0	0.0
Nitrosomonas sp. AL212	153948	species	3337023	9	0	0.0
Cellvibrio japonicus	155077	species	4576573	26	0	0.0
Caulobacter vibrioides	155892	species	4029938	6	0	0.0
Acaryochloris marina	155978	species	8361599	2	0	0.0
Corynebacterium imitans	156978	species	2565321	1	0	0.0
Chromohalobacter salexigens	158080	species	3696649	3	0	0.0
Hahella chejuensis	158327	species	7215267	7	1	0.0
Novosphingobium resinovorum	158500	species	6918128	44	0	0.0
Bifidobacterium scardovii	158787	species	3158347	31	1	0.0
Cedecea neteri	158822	species	23867322	2	0	0.0
Enterobacter hormaechei	158836	species	11766809	2	1	0.0
Collimonas fungivorans	158899	species	5393313	67	8	0.0
Roseibacterium elongatum	159346	species	3555109	47	0	0.0
Acidihalobacter prosperus	160660	species	3566941	60	1	0.0
Sphingomonas wittichii	160791	species	5915246	69	14	0.0
Acidithiobacillus ferrivorans	160808	species	3207552	2	0	0.0
Pseudoalteromonas phenolica	161398	species	4868993	4	0	0.0
Anaeromyxobacter dehalogenans	161493	species	5021404	4	0	0.0
Corynebacterium kroppenstedtii	161879	species	2446804	2	1	0.0
Corynebacterium camporealensis	161896	species	2451810	1	0	0.0
Paenibacillus naphthalenovorans	162209	species	5200139	4	0	0.0
Wolbachia endosymbiont of Drosophila melanogaster	163164	species	1267782	1	0	0.0
Vulcanisaeta distributa	164451	species	2374137	2	0	0.0
Weissella koreensis	165096	species	1441470	1	0	0.0
Sphingobium	165695	genus	0	6	0	0.0
Novosphingobium	165696	genus	0	2	0	0.0
Sphingopyxis	165697	genus	0	7	0	0.0
Pseudoalteromonas translucida	166935	species	4147593	2	0	0.0
Ilyobacter	167639	genus	0	1	0	0.0
Ilyobacter polytropus	167642	species	3132314	9	0	0.0
Anaerolinea thermophila	167964	species	3532378	1	0	0.0
uncultured Termite group 1 bacterium	167965	species	1148570	1	0	0.0
Candidatus Ishikawaella capsulata	168169	species	754729	7	3	0.0
Laribacter hongkongensis	168471	species	3169329	4	0	0.0
Clostridium saccharobutylicum	169679	species	5107814	2	0	0.0
Mycoplasma cynos	171284	species	998123	1	1	0.0
Tistrella mobilis	171437	species	6512983	19	4	0.0
Thermodesulfatator indicus	171695	species	2322224	8	2	0.0
Elizabethkingia miricola	172045	species	4242519	1	0	0.0
Gemmatimonas aurantiaca	173480	species	4636964	3	0	0.0
Pseudothermotoga lettingae	177758	species	2135342	1	0	0.0
Leptospirillum ferriphilum	178606	species	2368371	8	0	0.0
Alicycliphilus denitrificans	179636	species	4953232	13	0	0.0
Delftia tsuruhatensis	180282	species	7195716	15	3	0.0
Desulfococcus oleovorans	181663	species	3944167	2	0	0.0
Erwinia billingiae	182337	species	5372268	2	0	0.0
Kribbella flavida	182640	species	7579488	4	1	0.0
Oceanobacillus iheyensis	182710	species	3630528	1	0	0.0
Thermodesulfobium narugense	184064	species	1898865	5	4	0.0
Thermoproteus uzoniensis	184117	species	1936063	2	0	0.0
Corallococcus coralloides	184914	species	10080619	9	0	0.0
Desulfovibrio magneticus	184917	species	5315620	1	1	0.0
Butyrivibrio hungatei	185008	species	3386314	5	1	0.0
Paludibacter propionicigenes	185300	species	3685504	1580	1363	0.0
Xylanimonas cellulosilytica	186189	species	3831380	5	5	0.0
Marinithermus hydrothermalis	186192	species	2269167	3	0	0.0
Candidatus Baumannia cicadellinicola	186490	species	1040878	15	1	0.0
Thioalkalivibrio nitratireducens	186931	species	4002350	95	0	0.0
Sneathia amnii	187101	species	1330224	1	0	0.0
Oceanithermus profundus	187137	species	2439291	2	0	0.0
Methylocystis sp. SC2	187303	species	3773444	11	0	0.0
Acidaminococcus intestini	187327	species	2487765	3	2	0.0
Thalassolituus oleivorans	187493	species	3842190	34	3	0.0
Oleispira	188907	genus	0	1	0	0.0
Oleispira antarctica	188908	species	4406383	4	0	0.0
Pedobacter cryoconitis	188932	species	5950539	5	0	0.0
Ralstonia insidiosa	190721	species	12164766	330	20	0.0
Vibrio coralliilyticus	190893	species	17260629	5	3	0.0
Conexibacter woesei	191495	species	6359369	10	0	0.0
Fluviicola taffensis	191579	species	4633577	678	25	0.0
Corynebacterium atypicum	191610	species	2359448	1	0	0.0
Rhodoferax ferrireducens	192843	species	4969784	11	0	0.0
Synechococcus sp. PCC 6312	195253	species	3720499	2	0	0.0
Nocardioides sp. JS614	196162	species	5293685	5	0	0.0
Actinoplanes friuliensis	196914	species	9376071	2	0	0.0
Deferribacter desulfuricans	197162	species	2542933	9	6	0.0
Streptococcus pasteurianus	197614	species	2100077	2	0	0.0
Azoarcus sp. CIB	198107	species	5257030	13	0	0.0
Candidatus Pelagibacter ubique	198252	species	1308759	1	1	0.0
Anoxybacillus gonensis	198467	species	2803668	2	0	0.0
Methylocella silvestris	199596	species	4305430	65	0	0.0
Maize bushy stunt phytoplasma	202462	species	576118	4	0	0.0
Sulfurimonas	202746	genus	0	1	0	0.0
Sulfurimonas autotrophica	202747	species	2153198	7	3	0.0
Collimonas	202907	genus	0	5	0	0.0
Dickeya dadantii	204038	species	4922802	4	1	0.0
Dickeya zeae	204042	species	4675379	3	0	0.0
Herminiimonas arsenicoxydans	204773	species	3424307	42	0	0.0
Novosphingobium pentaromativorans	205844	species	5457578	44	0	0.0
Parvularcula bermudensis	208216	species	2902643	7	6	0.0
Alkaliphilus metalliredigens	208226	species	4929566	3	0	0.0
Carnobacterium sp. 17-4	208596	species	2685399	6	0	0.0
Escherichia albertii	208962	species	4679521	3168	31	0.0
Vibrio tasmaniensis	212663	species	4974818	5	0	0.0
Halomonas campaniensis	213554	species	4074048	44	2	0.0
Alistipes finegoldii	214856	species	3734239	5	1	0.0
Dinoroseobacter shibae	215813	species	4417868	41	2	0.0
Polaromonas naphthalenivorans	216465	species	5366143	12	1	0.0
Stenotrophomonas rhizophila	216778	species	4198652	56	0	0.0
Bifidobacterium longum	216816	species	3655960	27	3	0.0
Spiroplasma chrysopicola	216933	species	1123322	2	0	0.0
Spiroplasma culicicola	216935	species	1175131	1	0	0.0
Spiroplasma diminutum	216936	species	945296	1	0	0.0
Spiroplasma helicoides	216938	species	1326546	1	0	0.0
Spiroplasma sabaudiense	216944	species	1075953	2	0	0.0
Spiroplasma syrphidicola	216945	species	1107344	2	0	0.0
Clostridium carboxidivorans	217159	species	5752782	3	0	0.0
Pseudomonas antarctica	219572	species	6607040	2	1	0.0
Thalassospira xiamenensis	220697	species	4768950	17	2	0.0
Phaeobacter inhibens	221822	species	4194026	17	0	0.0
Helicobacter sp. MIT 01-6242	222136	species	1594790	1	0	0.0
Methylobacterium populi	223967	species	5848997	11	0	0.0
Geobacter bemidjiensis	225194	species	4615150	3	0	0.0
Thermovibrio ammonificans	228745	species	1759526	7	0	0.0
Aster yellows witches'-broom phytoplasma	229545	species	723970	4	0	0.0
Dyella japonica	231455	species	4831185	47	1	0.0
Belliella baltica	232259	species	4196595	8	0	0.0
Acidovorax sp. JS42	232721	species	4585154	10	0	0.0
Kinetoplastibacterium blastocrithidii	233181	species	820033	8	0	0.0
Caldilinea	233191	genus	0	1	0	0.0
Alteromonas stellipolaris	233316	species	9533996	3	0	0.0
Candidatus Midichloria mitochondrii	234827	species	1183732	3	1	0.0
Pseudoalteromonas sp. SM9913	234831	species	4037671	1	0	0.0
Akkermansia muciniphila	239935	species	2704687	821	410	0.0
Pseudonocardia dioxanivorans	240495	species	7303989	1	0	0.0
Rummeliibacillus stabekisii	241244	species	3420739	2	0	0.0
Klebsiella variicola	244366	species	10894097	4	2	0.0
Nautilia profundicola	244787	species	1676444	16	1	0.0
Wolbachia endosymbiont of Cimex lectularius	246273	species	1250060	2	0	0.0
Staphylococcus equorum	246432	species	8544915	2	0	0.0
Bacteroides cellulosilyticus	246787	species	7084828	3582	3447	0.0
Cupriavidus pinatubonensis	248026	species	7255290	8	1	0.0
Cardinium endosymbiont of Encarsia pergandiella	249402	species	944930	20	0	0.0
Candidatus Blochmannia vafer	251535	species	722585	1	0	0.0
Candidatus Blochmannia chromaiodes	251542	species	791219	2	0	0.0
Robiginitalea biformata	252307	species	3530383	3	0	0.0
Microbulbifer thermotolerans	252514	species	3938396	16	3	0.0
Paraburkholderia phenoliruptrix	252970	species	7651131	4	0	0.0
Ethanoligenens harbinense	253239	species	3008576	2	0	0.0
Owenweeksia hongkongensis	253245	species	4000057	5	0	0.0
Fictibacillus arsenicus	255247	species	4055461	12	0	0.0
Chlorobaculum	256319	genus	0	1	0	0.0
Parvibaculum lavamentivorans	256618	species	3914745	8	2	0.0
Streptococcus pseudopneumoniae	257758	species	2195458	2	0	0.0
Desulfatibacillum alkenivorans	259354	species	6517073	6	0	0.0
Dechloromonas aromatica	259537	species	4501104	7	0	0.0
Campylobacter insulaenigrae	260714	species	1465081	1	0	0.0
Psychrobacter alimentarius	261164	species	3349444	5	0	0.0
Nitrosomonas sp. Is79A3	261292	species	3783444	10	0	0.0
Paraburkholderia phytofirmans	261302	species	8214658	1	0	0.0
Kangiella koreensis	261964	species	2852073	6	1	0.0
Lysobacter gummosus	262324	species	6056618	342	0	0.0
Bacillus muralis	264697	species	5007018	1	0	0.0
Rhodopirellula baltica	265606	species	7145576	2	1	0.0
Methylovorus glucosotrophus	266009	species	3082007	17	0	0.0
Chelativorans sp. BNC1	266779	species	4935185	30	12	0.0
Sphingopyxis granuli	267128	species	4679853	26	0	0.0
Methylobacterium aquaticum	270351	species	7557960	1	0	0.0
Methylomicrobium alcaliphilum	271065	species	4796711	4	1	0.0
Shewanella sediminis	271097	species	5517674	2	0	0.0
Shewanella halifaxensis	271098	species	5226917	3	0	0.0
Collimonas arenae	279058	species	15078336	46	0	0.0
Collimonas pratensis	279113	species	11315924	42	0	0.0
Candidatus Amoebophilus asiaticus	281120	species	1884364	44	2	0.0
Pseudoalteromonas sp. Bsw20308	283699	species	4830226	2	0	0.0
Staphylococcus pseudintermedius	283734	species	4509494	1	0	0.0
Stackebrandtia nassauensis	283811	species	6841557	2	0	0.0
Phenylobacterium zucineum	284016	species	4379231	7	1	0.0
Alcanivorax dieselolei	285091	species	4928223	39	20	0.0
Segniliparus rotundus	286802	species	3157527	1	0	0.0
Alteromonas addita	287094	species	4649146	3	0	0.0
Bradyrhizobium sp. BTAi1	288000	species	8493513	6	0	0.0
Bacteroides helcogenes	290053	species	3998906	118	0	0.0
Jannaschia sp. CCS1	290400	species	4404049	25	0	0.0
Photorhabdus asymbiotica	291112	species	5094138	5	2	0.0
Thermosediminibacter oceani	291990	species	2280035	5	0	0.0
Ruegeria sp. TM1040	292414	species	4153699	15	2	0.0
Dactylococcopsis salina	292566	species	3781008	3	0	0.0
Flavonifractor plautii	292800	species	3818500	19	0	0.0
Sphingopyxis sp. 113P3	292913	species	4664213	19	0	0.0
Anoxybacillus amylolyticus	294699	species	3158269	2	0	0.0
Polaromonas sp. JS666	296591	species	5898676	15	3	0.0
Frankia sp. EAN1pec	298653	species	8982042	4	0	0.0
Frankia inefficax	298654	species	8815781	5	0	0.0
Glaciecola nitratireducens	300231	species	4134229	3	1	0.0
Roseburia hominis	301301	species	3592125	2	0	0.0
Advenella mimigardefordensis	302406	species	4764126	18	0	0.0
Phaeobacter	302485	genus	0	1	0	0.0
Candidatus Liberibacter americanus	309868	species	1195201	12	5	0.0
Deinococcus maricopensis	309887	species	3498530	3	0	0.0
Advenella kashmirensis	310575	species	4423879	14	0	0.0
Deinococcus deserti	310783	species	3855329	1	0	0.0
Flavobacterium indicum	312277	species	2993089	3	0	0.0
Emticicia oligotrophica	312279	species	5220361	4	2	0.0
Croceibacter atlanticus	313588	species	2952962	7	0	0.0
Dokdonia sp. MED134	313590	species	3302548	1	0	0.0
Polaribacter sp. MED152	313598	species	2961474	108	0	0.0
Maribacter sp. HTCC2170	313603	species	3868304	19	0	0.0
Geobacter lovleyi	313985	species	3994874	2	0	0.0
Alteromonas mediterranea	314275	species	5274170	5	2	0.0
Psychromonas sp. CNPT3	314282	species	3052410	8	0	0.0
Pseudoxanthomonas suwonensis	314722	species	3655384	41	13	0.0
Spiroplasma eriocheiris	315358	species	1365714	2	0	0.0
Streptococcus gallolyticus	315405	species	2285714	2	0	0.0
Leadbetterella byssophila	316068	species	4059653	13	1	0.0
Syntrophus aciditrophicus	316277	species	3179300	1	0	0.0
Beggiatoa leptomitiformis	319938	species	4265296	1	1	0.0
Cyclobacterium amurskyense	320787	species	6158829	1	0	0.0
Synechococcus sp. JA-3-3Ab	321327	species	2932766	1	0	0.0
Synechococcus sp. JA-2-3B'a(2-13)	321332	species	3046682	1	0	0.0
Dokdonella koreensis	323415	species	4446619	51	8	0.0
Dokdonia donghaensis	326320	species	3293944	1	0	0.0
Paraglaciecola psychrophila	326544	species	5413691	1	1	0.0
Candidatus Accumulibacter phosphatis	327160	species	5306133	17	3	0.0
Nonlabens dokdonensis	328515	species	3914632	123	0	0.0
Marinobacter psychrophilus	330734	species	3998597	8	0	0.0
Psychrobacter cryohalolentis	330922	species	3101097	4	0	0.0
Sphingobium japonicum	332056	species	4424862	9	0	0.0
Candidatus Solibacter usitatus	332163	species	9965640	10	5	0.0
Truepera radiovictrix	332249	species	3260398	5	2	0.0
Psychrobacter arcticus	334543	species	2650701	4	0	0.0
Bradyrhizobium sp. S23321	335659	species	7231841	11	0	0.0
Thermovirga lienii	336261	species	1999646	19	0	0.0
Chlorobium chlorochromatii	337090	species	2572079	1	0	0.0
Gordonia sp. KTR9	337191	species	5885710	1	0	0.0
Actinoalloteichus hymeniacidonis	340345	species	6306386	2	0	0.0
Herbaspirillum hiltneri	341045	species	4965474	34	0	0.0
Burkholderia oklahomensis	342113	species	7224347	23	0	0.0
Geobacter pickeringii	345632	species	3618700	8	0	0.0
Psychrobacter sp. PRwf-1	349106	species	2995049	4	0	0.0
Micavibrio aeruginosavorus	349221	species	2470296	9	0	0.0
Corynebacterium marinum	349751	species	2729219	1	0	0.0
Alkalilimnicola ehrlichii	351052	species	3275944	60	1	0.0
Geobacter uraniireducens	351604	species	5136364	6	0	0.0
Xenorhabdus doucetiae	351671	species	4203651	4	0	0.0
Xenorhabdus hominickii	351679	species	4522699	4	0	0.0
Niastella koreensis	354356	species	9033684	1	0	0.0
Bacteroides dorei	357276	species	5310365	118	0	0.0
Psychromonas ingrahamii	357794	species	4559598	9	0	0.0
Roseiflexus sp. RS-1	357808	species	5801598	1	0	0.0
Acidovorax sp. KKS102	358220	species	5196935	11	0	0.0
Shewanella loihica	359303	species	4602594	2	2	0.0
Altererythrobacter	361177	genus	0	24	0	0.0
Altererythrobacter epoxidivorans	361183	species	2786256	16	0	0.0
Spiroplasma cantharicola	362837	species	1179577	1	0	0.0
Verminephrobacter eiseniae	364317	species	5597943	14	4	0.0
Granulibacter bethesdensis	364410	species	2717856	19	0	0.0
Pelosinus fermentans	365349	species	5380816	2	0	0.0
Caulobacter sp. K31	366602	species	5889399	6	0	0.0
Xanthomonas fuscans	366648	species	5088683	1998	0	0.0
Xanthomonas alfalfae	366650	species	4967469	1998	0	0.0
Yersinia similis	367190	species	4964409	2	0	0.0
Microbacterium sp. XT11	367477	species	3475315	6	0	0.0
Blattabacterium sp. (Periplaneta americana)	367488	species	640442	2	2	0.0
Blattabacterium sp. (Blatta orientalis)	367806	species	638184	1	1	0.0
Cupriavidus sp. USMAA1020	367825	species	7949449	15	3	0.0
Gallionella capsiferriformans	370405	species	3162471	3	2	0.0
Enterobacteria phage phiX174 sensu lato	374840	species	5386	816	27	0.999985
Janthinobacterium sp. Marseille	375286	species	4110251	42	0	0.0
Natranaerobius thermophilus	375929	species	3191453	1	1	0.0
Halotalea alkalilenta	376489	species	4387428	4	0	0.0
Bacteroides salanitronis	376805	species	4308663	13	1	0.0
Ruegeria mobilis	379347	species	4830028	12	1	0.0
Hydrogenobaculum sp. Y04AAS1	380749	species	1559514	1	0	0.0
Cycloclasticus sp. P1	385025	species	2363215	11	7	0.0
Candidatus Ruthia magnifica	386487	species	1160782	4	0	0.0
Nitratiruptor sp. SB155-2	387092	species	1877931	47	1	0.0
Bartonella australis	388640	species	1596490	15	0	0.0
Pontibacter akesuensis	388950	species	4829559	3	0	0.0
Protochlamydia naegleriophila	389348	species	3030375	1	0	0.0
Echinicola vietnamensis	390884	species	5608040	3	0	0.0
Ehrlichia sp. HF	391036	species	1148904	8	0	0.0
Clostridium taeniosporum	394958	species	3503541	4	1	0.0
Cyanothece sp. PCC 7425	395961	species	5786110	1	0	0.0
Thioalkalivibrio sp. K90mix	396595	species	2985056	4	0	0.0
Sphingomonas sanxanigenens	397260	species	6580298	91	39	0.0
Barnesiella viscericola	397865	species	3076856	13	0	0.0
Zunongwangia profunda	398743	species	5128187	30	0	0.0
Thermoanaerobacter sp. X514	399726	species	2457259	8	0	0.0
Pontibacter korlensis	400092	species	5462537	3	0	0.0
Marinomonas sp. MWYL1	400668	species	5100344	11	0	0.0
Corynebacterium ureicelerivorans	401472	species	2328278	1	0	0.0
Candidatus Riesia pediculicola	401619	species	582127	3	2	0.0
Shewanella piezotolerans	404011	species	5396476	5	0	0.0
Anaeromyxobacter sp. Fw109-5	404589	species	5277990	2	0	0.0
Alicyclobacillus acidocaldarius	405212	species	3164867	5	0	0.0
Sphingobium sp. MI1205	407020	species	4619375	22	0	0.0
Salinicoccus halodurans	407035	species	2778379	4	0	0.0
Calyptogena okutanii thioautotrophic gill symbiont	410330	species	1022154	2	0	0.0
Gramella forsetii	411153	species	3798465	16	1	0.0
Thermosulfidibacter takaii	412593	species	1816670	29	0	0.0
Microterricola viridarii	412690	species	3689726	3	0	0.0
Paraburkholderia rhizoxinica	412963	species	3750138	10	2	0.0
Cronobacter dublinensis	413497	species	4628405	5	0	0.0
Cronobacter muytjensii	413501	species	4364114	2	0	0.0
Cronobacter turicensis	413502	species	4599092	7	0	0.0
[Polyangium] brachysporum	413882	species	6476147	40	6	0.0
Pseudoxanthomonas spadix	415229	species	3452554	27	3	0.0
Burkholderia sp. KJ006	416344	species	6629912	5	0	0.0
Azoarcus olearius	418699	species	4451751	9	0	0.0
Ochrobactrum pseudogrignonense	419475	species	4992805	877	0	0.0
Elusimicrobium	423604	genus	0	1	0	0.0
Elusimicrobium minutum	423605	species	1643562	1	0	0.0
Rhizobium sp. IRBG74	424182	species	5464982	3282	0	0.0
Methylobacterium sp. 4-46	426117	species	7737025	1	0	0.0
Desulfurivibrio alkaliphilus	427923	species	3097763	3	0	0.0
Pedobacter steynii	430522	species	6581659	5	0	0.0
Lysobacter capsici	435897	species	6391889	342	0	0.0
Geobacter sp. M18	443143	species	5277406	3	0	0.0
Geobacter sp. M21	443144	species	4745806	3	0	0.0
Streptomyces sp. CNQ-509	444103	species	8039333	4	0	0.0
Brucella microti	444163	species	3337369	466	0	0.0
Pseudonocardia sp. AL041005-10	445576	species	6143341	1	0	0.0
Pandoraea thiooxydans	445709	species	4464186	4	1	0.0
Dyella thiooxydans	445710	species	4227172	31	1	0.0
Adlercreutzia equolifaciens	446660	species	2862526	27	3	0.0
Niabella soli	446683	species	4697343	1	0	0.0
Acetobacter senegalensis	446692	species	3969909	8	0	0.0
Anaeromyxobacter sp. K	447217	species	5061632	4	0	0.0
Simiduia agarivorans	447471	species	4300227	3	0	0.0
Nocardioides dokdonensis	450734	species	4376707	9	1	0.0
Desulfarculus baarsii	453230	species	3655731	1	0	0.0
Agromyces sp. AR33	453304	species	4373124	7	2	0.0
Thermus parvatiensis	456163	species	2016098	1	0	0.0
Xanthomonas euvesicatoria	456327	species	10838435	1998	0	0.0
Candidatus Cloacimonas acidaminovorans	456827	species	2246820	113	103	0.0
Chloracidobacterium thermophilum	458033	species	3695372	6	4	0.0
Alkaliphilus oremlandii	461876	species	3123558	2	0	0.0
Bordetella flabilis	463014	species	5954318	9	0	0.0
Bordetella bronchialis	463025	species	11845675	6	0	0.0
Steroidobacter denitrificans	465721	species	3467246	3	0	0.0
Ilumatobacter coccineus	467094	species	4830181	8	5	0.0
Pantoea vagans	470934	species	4888338	1	0	0.0
Geobacillus sp. WCH70	471223	species	3508804	1	0	0.0
Candidatus Desulforudis audaxviator	471827	species	2349476	5	0	0.0
Nitrosococcus watsonii	473531	species	3373286	2	0	0.0
Altererythrobacter ishigakiensis	476157	species	2673978	8	1	0.0
Modestobacter marinus	477641	species	5575517	6	1	0.0
Calditerrivibrio nitroreducens	477976	species	2216552	10	5	0.0
Chloroflexus sp. Y-400-fl	480224	species	5268950	6	0	0.0
Myroides profundi	480520	species	4064534	11	0	0.0
Paenibacillus sp. Y412MC10	481743	species	7121665	1	0	0.0
Oscillatoria nigro-viridis	482564	species	8272254	2	0	0.0
Burkholderia lata	482957	species	17031116	12	0	0.0
Geoalkalibacter subterraneus	483547	species	3717645	9	1	0.0
Sphingobium sp. YBL2	484429	species	5427419	17	0	0.0
Pelosinus sp. UFO1	484770	species	5115410	2	0	0.0
Serratia sp. SCBI	488142	species	5101896	5	0	0.0
Burkholderia latens	488446	species	6614478	6	0	0.0
Burkholderia contaminans	488447	species	8509249	13	1	0.0
Campylobacter peloridis	488546	species	1762793	1	0	0.0
Burkholderia metallica	488729	species	7424240	12	0	0.0
Burkholderia seminalis	488731	species	7648944	5	0	0.0
Burkholderia diffusa	488732	species	6857833	2	0	0.0
Marinobacter sp. BSs20148	490759	species	4063864	8	0	0.0
Thermoanaerobacter pseudethanolicus	496866	species	2362816	8	0	0.0
Campylobacter subantarcticus	497724	species	1817765	1	0	0.0
Kosakonia oryzae	497725	species	5303342	2	0	0.0
Deinococcus gobiensis	502394	species	4406036	4	2	0.0
Halomonas chromatireducens	507626	species	3973651	3	0	0.0
Oceanimonas sp. GK1	511062	species	3527244	3	0	0.0
Candidatus Azobacteroides pseudotrichonymphae	511435	species	1224919	3	2	0.0
Methylacidiphilum infernorum	511746	species	2287145	26	22	0.0
Dictyoglomus turgidum	513050	species	1855560	1	0	0.0
Microcystis panniformis	513223	species	5686839	1	0	0.0
Muricauda lutaonensis	516051	species	3274259	11	1	0.0
Azospirillum thiophilum	528244	species	7609458	38	0	0.0
Rhodoluna lacicola	529884	species	1430433	9	1	0.0
Pelagibacterium halotolerans	531813	species	3948887	209	162	0.0
Flavobacteriaceae bacterium 3519-10	531844	species	2768102	3	2	0.0
Candidatus Rhodoluna planktonica	535712	species	1424506	6	0	0.0
Cronobacter universalis	535744	species	4436873	2	0	0.0
Mesorhizobium australicum	536018	species	6200534	1416	534	0.0
Altererythrobacter marensis	543877	species	2885033	15	0	0.0
beta proteobacterium CB	543913	species	2045720	28	0	0.0
Actinomyces oris	544580	species	3042917	5	0	0.0
Hydrogenobaculum sp. 3684	547143	species	1552775	1	0	0.0
Hydrogenobaculum sp. HO	547144	species	1552931	1	0	0.0
Hydrogenobaculum sp. SHO	547145	species	1552607	1	0	0.0
Hydrogenobaculum sp. SN	547146	species	1552931	1	0	0.0
Aromatoleum aromaticum	551760	species	4727255	22	0	0.0
Dehalogenimonas lykanthroporepellens	552810	species	1686510	1	1	0.0
Candidatus Liberibacter solanacearum	556287	species	1258278	8	2	0.0
Acidianus hospitalis	563177	species	2137654	20	0	0.0
Psychrobacter sp. G	571800	species	3113999	4	0	0.0
Luteipulveratus mongoliensis	571913	species	5420910	1	0	0.0
Thermoanaerobacter sp. X513	573062	species	2456520	8	0	0.0
Francisella sp. TX077308	573569	species	2035931	10	0	0.0
Pandoraea oxalativorans	573737	species	6500731	7	0	0.0
Photorhabdus temperata	574560	species	5147098	5	2	0.0
Corynebacterium maris	575200	species	2833547	2	0	0.0
Polynucleobacter necessarius	576610	species	1560469	9	0	0.0
Polynucleobacter asymbioticus	576611	species	2159490	27	0	0.0
Bacillus cytotoxicus	580165	species	4094159	2	2	0.0
Geobacillus sp. Y4.1MC1	581103	species	3911947	1	0	0.0
Thermoanaerobacter mathranii	583357	species	2306092	12	0	0.0
Terribacillus aidingensis	586416	species	3577082	1	0	0.0
Pseudomonas chlororaphis	587753	species	16842584	2	1	0.0
Brevundimonas naejangsanensis	588932	species	2971535	5	2	0.0
Prevotella fusca	589436	species	3261806	91	2	0.0
Alteromonas australica	589873	species	8766305	3	0	0.0
Methylacidiphilum fumariolicum	591154	species	2476671	32	20	0.0
Ignavibacterium album	591197	species	3658997	1	1	0.0
Mesorhizobium opportunistum	593909	species	6884444	3	0	0.0
Allofrancisella guangzhouensis	594679	species	1661527	8	0	0.0
Sphingobium sp. SYK-6	627192	species	4348133	13	2	0.0
Bifidobacterium kashiwanohense	630129	species	2354106	16	0	0.0
Arsenophonus symbiont of Lipoptena fortisetosa	634113	species	836724	2	2	0.0
Bifidobacterium actinocoloniiforme	638619	species	1830060	19	0	0.0
Burkholderia sp. CCGE1001	640510	species	7253494	3	0	0.0
Burkholderia sp. CCGE1002	640511	species	7884858	3	1	0.0
Burkholderia sp. CCGE1003	640512	species	7043595	3	0	0.0
Methanocaldococcus sp. FS406-22	644281	species	1773136	1	0	0.0
Altererythrobacter namhicola	645517	species	2591679	6	0	0.0
Micromonospora sp. L5	648999	species	6962533	2	0	0.0
Actinoplanes sp. N902-109	649831	species	9228054	2	0	0.0
Sulfuricella denitrificans	649841	species	3217213	14	0	0.0
Kosmotoga olearia	651457	species	2302126	1	1	0.0
Pandoraea vervacti	656178	species	5761453	7	0	0.0
Pandoraea faecigallinarum	656179	species	5732664	19	0	0.0
Arthrobacter alpinus	656366	species	8380101	1	0	0.0
Halanaerobium hydrogeniformans	656519	species	2613117	14	0	0.0
Francisella noatunensis	657445	species	2229531	10	0	0.0
Candidatus Koribacter versatilis	658062	species	5650368	2	0	0.0
Bacillus oceanisediminis	665099	species	5848607	2	0	0.0
Rhodanobacter denitrificans	666685	species	4225490	40	0	0.0
Bacillus sp. 1NLA3E	666686	species	4815602	2	0	0.0
Tenacibaculum dicentrarchi	669041	species	2918253	3	0	0.0
Candidatus Profftella armatura	669502	species	927880	14	2	0.0
Cryobacterium arcticum	670052	species	4351229	22	0	0.0
Propionibacterium sp. oral taxon 193	671223	species	2649207	5	0	0.0
Candidatus Babela massiliensis	673862	species	1118422	2	0	0.0
Rhodoplanes sp. Z2-YC6860	674703	species	8193889	3	1	0.0
Martelella sp. AD-3	686597	species	5036008	24	1	0.0
Altererythrobacter dongtanensis	692370	species	3009495	16	0	0.0
Caldisericum exile	693075	species	1558103	1	0	0.0
Enterobacteriaceae bacterium strain FGI 57	693444	species	4762179	5	0	0.0
Novosphingobium sp. PP1Y	702113	species	5313905	44	0	0.0
Corynebacterium sp. NML98-0116	702967	species	2365449	1	0	0.0
Actinomyces sp. oral taxon 414	712122	species	3836419	1	0	0.0
Leptotrichia sp. oral taxon 212	712357	species	2444904	34	5	0.0
Olsenella sp. oral taxon 807	712411	species	3213585	4	0	0.0
Selenomonas sp. oral taxon 478	712538	species	2284135	10	0	0.0
Streptococcus sp. oral taxon 431	712633	species	2177905	3	0	0.0
Tannerella sp. oral taxon HOT-286	712710	species	2973531	18	1	0.0
Selenomonas sp. oral taxon 136	713030	species	2458072	10	0	0.0
Alteromonas naphthalenivorans	715451	species	4972148	3	0	0.0
Hyphomicrobium sp. MC1	717785	species	4757528	6	1	0.0
Acidovorax ebreus	721785	species	3796573	10	0	0.0
Rahnella sp. Y9602	741091	species	5614252	2	0	0.0
Delftia sp. Cs1-4	742013	species	6685842	10	1	0.0
Sphingobacterium sp. 21	743722	species	6226409	25	11	0.0
Sphingomonas sp. MM-1	745310	species	4633613	48	7	0.0
Azoarcus sp. KH32C	748247	species	5818755	17	0	0.0
Pseudogulbenkiania sp. NH8B	748280	species	4332995	21	1	0.0
Sulfuritalea hydrogenivorans	748811	species	3802648	1	0	0.0
Winogradskyella sp. PG-2	754409	species	3811479	54	3	0.0
Methylophaga nitratireducenticrescens	754476	species	3137191	28	0	0.0
Methylophaga frappieri	754477	species	2745290	16	8	0.0
Clostridium sp. BNL1100	755731	species	4613747	1	0	0.0
Burkholderia sp. RPE64	758793	species	6964487	3	0	0.0
Burkholderia sp. RPE67	758796	species	8685756	5	0	0.0
Weissella ceti	759620	species	4135763	4	1	0.0
Siansivirga zeaxanthinifaciens	762954	species	3303986	1	1	0.0
Candidatus Puniceispirillum marinum	767892	species	2753527	15	9	0.0
Serratia sp. AS12	768490	species	5443009	2	0	0.0
Serratia sp. AS13	768493	species	5442549	2	0	0.0
Opitutaceae bacterium TAV5	794903	species	7417673	18	11	0.0
Hydrogenophaga sp. PBC	795665	species	5232477	9	1	0.0
alpha proteobacterium HIMB5	859653	species	1343202	1	1	0.0
Kibdelosporangium phytohabitans	860235	species	11759770	4	0	0.0
Agrobacterium sp. H13-3	861208	species	5573770	47	0	0.0
Thermincola potens	863643	species	3157416	2	0	0.0
Cupriavidus sp. USMAA2-4	876364	species	8698226	10	0	0.0
Chryseobacterium sp. StRB126	878220	species	5503743	4	1	0.0
Shinella sp. HZN7	879274	species	7354253	685	97	0.0
Mageeibacillus indolicus	884684	species	1809746	5	0	0.0
Desulfosporosinus acidiphilus	885581	species	4991181	3	1	0.0
Methylovorus sp. MP688	887061	species	2862391	17	0	0.0
Plautia stali symbiont	891974	species	4092852	11	7	0.0
Caldanaerobacter subterraneus	911092	species	2689445	15	0	0.0
Kangiella geojedonensis	914150	species	2495242	7	0	0.0
Methylobacterium sp. AMS5	925818	species	5599206	11	0	0.0
Sandaracinus amylolyticus	927083	species	10327335	146	142	0.0
Pseudomonas brassicacearum	930166	species	13594158	1	0	0.0
Rhodococcus sp. p52	935199	species	5413283	1	0	0.0
Desulfurispirillum indicum	936456	species	2928377	4	1	0.0
Marinomonas posidonica	936476	species	3899940	14	3	0.0
Arcobacter sp. L	944547	species	2947662	4	0	0.0
Paraburkholderia sprentiae	948107	species	7829542	5	1	0.0
Leuconostoc sp. C2	979982	species	1877273	5	0	0.0
Brucella vulpis	981386	species	3238137	198	10	0.0
Lacinutrix sp. 5H-3-7-4	983544	species	3296168	52	10	0.0
Glaciecola sp. 4H-3-7+YE-5	983545	species	5393591	2	0	0.0
Staphylococcus argenteus	985002	species	2787638	3	0	0.0
Vulcanisaeta moutnovskia	985052	species	2298983	2	0	0.0
Staphylococcus agnetis	985762	species	2503399	1	0	0.0
Polymorphum gilvum	991904	species	4718963	20	0	0.0
Candidatus Kinetoplastibacterium desouzaii	994692	species	833125	9	0	0.0
Candidatus Kinetoplastibacterium galatii	994695	species	822140	15	1	0.0
Candidatus Kinetoplastibacterium oncopeltii	994696	species	810172	14	0	0.0
Candidatus Pelagibacter sp. IMCC9063	1002672	species	1284727	2	0	0.0
Verrucosispora maris	1003110	species	6732271	2	0	0.0
Fimbriimonas ginsengisoli	1005039	species	5231762	20	8	0.0
Defluviitoga tunisiensis	1006576	species	2053097	8	0	0.0
Pusillimonas sp. T7-7	1007105	species	3924810	11	0	0.0
Campylobacter volucris	1031542	species	1517949	1	0	0.0
Marinobacter adhaerens	1033846	species	4651725	1	0	0.0
Thioalkalivibrio sulfidiphilus	1033854	species	3464554	100	0	0.0
Candidatus Arthromitus sp. SFB-rat-Yit	1041504	species	1515556	27	0	0.0
Clostridium sp. SY8519	1042156	species	2835737	1	0	0.0
Candidatus Moranella endobia	1048758	species	538248	1	0	0.0
Candidatus Gullanella endobia	1070130	species	938041	11	8	0.0
Corynebacterium uterequi	1072256	species	2419437	1	0	0.0
Lactobacillus heilongjiangensis	1074467	species	2790548	7	1	0.0
Thiolapillus brandeum	1076588	species	3153637	4	3	0.0
Leptolyngbya sp. O-77	1080068	species	5480261	28	14	0.0
Persicobacter sp. JZB09	1085624	species	8251744	10	0	0.0
Dickeya solani	1089444	species	4919833	2	0	0.0
Pseudonocardia sp. EC080619-01	1096856	species	7205934	1	0	0.0
Pseudonocardia sp. EC080625-04	1096868	species	6554452	1	0	0.0
Burkholderia sp. YI23	1097668	species	8896411	5	0	0.0
Chromobacterium vaccinii	1108595	species	5041230	26	5	0.0
Thermus sp. CCB_US3_UF1	1111069	species	2263488	2	0	0.0
Alcanivorax sp. NBRC 101098	1113728	species	3095417	11	0	0.0
Spiroplasma atrichopogonis	1114980	species	1160484	2	0	0.0
Elizabethkingia anophelis	1117645	species	7985304	9	0	0.0
Magnetococcus marinus	1124597	species	4719581	10	2	0.0
Rhizobium sp. NT-26	1125847	species	4577425	6	2	0.0
Dehalobacter sp. CF	1131462	species	3092048	1	0	0.0
Sphaerochaeta pleomorpha	1131707	species	3590853	1	1	0.0
Thauera humireducens	1134435	species	4171754	6	0	0.0
Klebsiella michiganensis	1134687	species	29869212	3	0	0.0
Kangiella sediminilitoris	1144748	species	2496140	7	0	0.0
Lysinibacillus varians	1145276	species	4662822	2	0	0.0
Dehalobacter sp. DCA	1147129	species	3069953	1	0	0.0
Enterobacteria phage HK630	1147146	species	47090	1	0	0.0
Enterobacteria phage HK629	1147148	species	47288	1	0	0.0
Acinetobacter oleivorans	1148157	species	4152543	17	1	0.0
Streptococcus sp. I-G2	1156431	species	1992567	2	0	0.0
Streptococcus sp. I-P16	1156433	species	2023580	2	0	0.0
Kosakonia sacchari	1158459	species	4902066	6	0	0.0
Cronobacter condimenti	1163710	species	4499482	7	0	0.0
Pectobacterium sp. SCC3193	1166016	species	5164411	2	0	0.0
Enterobacter sp. R4-368	1166130	species	5155034	7	0	0.0
Sphingomonas sp. NIC1	1167641	species	3660563	65	0	0.0
Draconibacterium orientale	1168034	species	5132075	82	5	0.0
Geitlerinema sp. PCC 7407	1173025	species	4681111	1	0	0.0
Microcoleus sp. PCC 7113	1173027	species	7966510	3	0	0.0
Synechococcus sp. PCC 7502	1173263	species	3583735	2	0	0.0
Agrobacterium fabrum	1176649	species	5674258	3281	0	0.0
Komagataeibacter medellinensis	1177712	species	3513191	20	0	0.0
Halomonas huangheensis	1178482	species	4757486	2	0	0.0
Paenibacillus swuensis	1178515	species	5012599	1	1	0.0
Deinococcus puniceus	1182568	species	2971983	5	0	0.0
Deinococcus swuensis	1182571	species	3531443	2	0	0.0
Mesotoga prima	1184387	species	2975953	1	0	0.0
Flammeovirga sp. MY04	1191459	species	7327614	2	0	0.0
Snodgrassella alvi	1196083	species	2527978	8	0	0.0
Gilliamella apicola	1196095	species	3139412	2	2	0.0
Cloacibacillus porcorum	1197717	species	3585187	25	2	0.0
secondary endosymbiont of Ctenarytaina eucalypti	1199245	species	1441139	3	2	0.0
Geobacter daltonii	1203471	species	4304501	6	0	0.0
Pseudomonas sp. UW4	1207075	species	6183388	6	5	0.0
Burkholderia pseudomultivorans	1207504	species	7956789	4	0	0.0
Celeribacter indicus	1208324	species	4969388	38	0	0.0
Clostridium bornimense	1216932	species	3617025	1	1	0.0
Octadecabacter antarcticus	1217908	species	4875481	5	2	0.0
Fictibacillus phosphorivorans	1221500	species	4230665	12	0	0.0
Bradyrhizobium sp. CCGE-LA001	1223566	species	7833499	6	0	0.0
Azospirillum humicireducens	1226968	species	3181617	19	0	0.0
Candidatus Pantoea carbekii	1235990	species	2348022	8	2	0.0
Janthinobacterium sp. B9-8	1236179	species	4726850	58	28	0.0
Sodalis praecaptivus	1239307	species	5159425	3	0	0.0
Campylobacter iguaniorum	1244531	species	5108357	1	0	0.0
endosymbiont of unidentified scaly snail isolate Monju	1248727	species	2597759	95	0	0.0
Pseudohongiella spirulinae	1249552	species	3345119	8	3	0.0
Streptomyces sp. 769	1262452	species	10338286	1	0	0.0
Edwardsiella piscicida	1263550	species	3891903	1	0	0.0
Candidatus Endolissoclinum faulkneri	1263979	species	1499913	22	20	0.0
Frischella perrara	1267021	species	2692351	1	1	0.0
Altererythrobacter atlanticus	1267766	species	3475106	6	0	0.0
Liberibacter crescens	1273132	species	1513389	5	1	0.0
Bradyrhizobium icense	1274631	species	8322773	11	0	0.0
Planktomarina temperata	1284658	species	3288122	5	1	0.0
Magnetospira sp. QH-2	1288970	species	4052370	4	0	0.0
Photobacterium gaetbulicola	1295392	species	5909413	1	0	0.0
Thermodesulfobacterium geofontis	1295609	species	1634377	2	0	0.0
Enterobacter xiangfangensis	1296536	species	4661849	1	0	0.0
Intestinimonas butyriciproducens	1297617	species	3376475	13	3	0.0
Myxococcus hansupus	1297742	species	9490432	9	0	0.0
Mucilaginibacter sp. PAMC 26640	1300914	species	5618021	211	8	0.0
Methanocaldococcus bathoardescens	1301915	species	1607556	1	0	0.0
Flavobacterium sp. PK15	1306519	species	3851214	1	0	0.0
Alcanivorax pacificus	1306787	species	4168427	9	1	0.0
Sphingobium sp. TKS	1315974	species	6228879	18	0	0.0
Bartonella ancashensis	1318743	species	1467695	20	0	0.0
Acinetobacter equi	1324350	species	3054269	33	10	0.0
Chryseobacterium gallinarum	1324352	species	4633632	1	0	0.0
Serratia sp. FS14	1327989	species	5249875	5	0	0.0
Cycloclasticus zancles	1329899	species	2655425	8	1	0.0
Kosmotoga pacifica	1330330	species	2169170	2	0	0.0
Bordetella pseudohinzii	1331258	species	4558891	9	0	0.0
Sphingobium baderi	1332080	species	4583422	8	2	0.0
Defluviimonas alba	1335048	species	4987611	32	5	0.0
Spiribacter salinus	1335746	species	1739487	7	0	0.0
Spiribacter sp. UAH-SP71	1335757	species	1926631	10	0	0.0
Geobacter anodireducens	1340425	species	3666014	3	0	0.0
Geobacillus sp. JF8	1345697	species	3486308	5	1	0.0
Pseudoalteromonas sp. OCN003	1348114	species	4815987	2	0	0.0
Croceicoccus naphthovorans	1348774	species	3863562	35	0	0.0
Aureimonas sp. AU20	1349819	species	5210858	5	0	0.0
Synechococcus sp. UTEX 2973	1350461	species	2744626	1	0	0.0
Bradyrhizobium diazoefficiens	1355477	species	14343524	6	0	0.0
Hymenobacter sp. APR13	1356852	species	5010594	2	0	0.0
Dyella jiangningensis	1379159	species	5396991	31	0	0.0
Spirosoma radiotolerans	1379870	species	7029352	9	0	0.0
Rufibacter sp. DG15C	1379909	species	4143738	1	0	0.0
Methyloceanibacter caenitepidi	1384459	species	3424964	9	5	0.0
Hymenobacter sp. DG25A	1385663	species	3777136	2	0	0.0
Hymenobacter sp. DG25B	1385664	species	4360029	2	0	0.0
Cupriavidus sp. USMAHM13	1389192	species	7820821	8	0	0.0
Vulgatibacter incomptus	1391653	species	4350553	6	1	0.0
Celeribacter marinus	1397108	species	3096705	22	1	0.0
Bacteroidales bacterium CF	1400053	species	2657245	88	50	0.0
Acinetobacter sp. TGL-Y2	1407071	species	3691287	8	0	0.0
Corynebacterium deserti	1408191	species	3033893	1	0	0.0
Endomicrobium proavitum	1408281	species	1588979	6	0	0.0
Candidatus Tachikawaea gelatinosa	1410383	species	708439	8	4	0.0
Hymenobacter sp. DG5B	1411621	species	4868852	6	3	0.0
endosymbiont of Llaveia axin axin	1415657	species	309299	1	0	0.0
Marinobacter similis	1420916	species	3975896	1	0	0.0
Marinobacter salarius	1420917	species	4616532	1	0	0.0
Geosporobacter ferrireducens	1424294	species	5817221	4	1	0.0
Hyphomicrobium nitrativorans	1427356	species	3653837	17	9	0.0
Mucinivorans hirudinis	1433126	species	3149227	4	2	0.0
Vibrio tritonius	1435069	species	5221926	1	0	0.0
Candidatus Symbiobacter mobilis	1436290	species	2991840	4	1	0.0
Streptomyces leeuwenhoekii	1437453	species	8122491	1	1	0.0
Ectothiorhodospira sp. BSL-9	1442136	species	3550080	5	0	0.0
Gynuella sunshinyii	1445505	species	6475959	3	0	0.0
Hymenobacter swuensis	1446467	species	5252070	2	0	0.0
Aneurinibacillus sp. XH2	1450761	species	3664835	2	0	0.0
Octadecabacter temperatus	1458307	species	3264628	10	0	0.0
Comamonadaceae bacterium A1	1458425	species	2574013	12	0	0.0
Comamonadaceae bacterium B1	1458426	species	2623236	12	0	0.0
Myroides sp. ZB35	1458492	species	4065010	11	0	0.0
Klebsiella quasipneumoniae	1463165	species	5586672	3	1	0.0
Burkholderia sp. 2002721687	1468409	species	7285824	18	0	0.0
Burkholderiales bacterium GJ-E10	1469502	species	3276549	10	1	0.0
Zhongshania aliphaticivorans	1470434	species	4204359	5	0	0.0
Basilea psittacipulmonis	1472345	species	1959069	5	1	0.0
Nonlabens sp. MIC269	1476901	species	2884293	5	2	0.0
Methylobacterium sp. C1	1479019	species	6459145	6	0	0.0
Hymenobacter sp. PAMC 26554	1484116	species	5451254	6	0	0.0
Hymenobacter sp. PAMC 26628	1484118	species	5366977	14	1	0.0
Pantoea sp. PSNIH2	1484157	species	4967343	1	0	0.0
Pantoea sp. PSNIH1	1484158	species	4410683	1	0	0.0
Martelella endophytica	1486262	species	4817335	12	0	0.0
Candidatus Sodalis pierantonius	1486991	species	4513140	3	2	0.0
Corynebacterium sp. ATCC 6931	1487956	species	2471920	12	12	0.0
Anoxybacillus sp. B2M1	1490052	species	3819480	2	0	0.0
Anoxybacillus sp. B7M1	1490057	species	3869056	2	0	0.0
Flavobacterium gilvum	1492737	species	4402594	935	0	0.0
Candidatus Evansia muelleri	1495769	species	357498	1	0	0.0
Campylobacter sp. RM16704	1500960	species	1557536	1	0	0.0
Burkholderia stagnalis	1503054	species	7583807	1	0	0.0
Burkholderia territorii	1503055	species	6902370	5	0	0.0
Halomonas sp. KO116	1504981	species	5168360	11	0	0.0
Blochmannia endosymbiont of Polyrhachis (Hedomyrma) turneri	1505596	species	749321	1	0	0.0
Blochmannia endosymbiont of Camponotus (Colobopsis) obliquus	1505597	species	773940	1	0	0.0
Jeotgalibacillus malaysiensis	1508404	species	4119509	2	1	0.0
Thermotoga caldifontis	1508419	species	2014912	7	0	0.0
Thermotoga profunda	1508420	species	2187612	3	0	0.0
Candidatus Arthromitus sp. SFB-mouse-NL	1508644	species	1654902	130	0	0.0
Erysipelothrix sp. LV19	1514105	species	2511486	4	2	0.0
Sphingopyxis fribergensis	1515612	species	5202172	30	0	0.0
Geobacillus sp. LC300	1519377	species	3532580	3	0	0.0
Dehalococcoides sp. UCH007	1522671	species	1473548	2	0	0.0
Lacimicrobium alkaliphilum	1526571	species	4378835	4	1	0.0
Bosea vaviloviae	1526658	species	6713548	13	6	0.0
Rickettsiales bacterium Ac37b	1528098	species	1917564	11	5	0.0
Lawsonella clevelandensis	1528099	species	3775705	2	0	0.0
Coriobacteriaceae bacterium 68-1-3	1531429	species	1967093	41	1	0.0
Brevundimonas sp. DS20	1532555	species	3475610	2	0	0.0
Paenibacillus sp. FSL P4-0081	1536769	species	8423054	1	0	0.0
Paenibacillus sp. FSL R5-0912	1536771	species	7718525	1	0	0.0
Methylomonas denitrificans	1538553	species	5172098	6	0	0.0
Sphingobacterium sp. ML3W	1538644	species	5329010	1	0	0.0
Sedimenticola thiotaurini	1543721	species	3962284	7	1	0.0
Francisella sp. FSC1006	1547445	species	2015987	10	0	0.0
Woeseia oceani	1548547	species	4059891	2	1	0.0
Haematospirillum jordaniae	1549855	species	2467625	23	11	0.0
Sphingomonas taxi	1549858	species	4061902	61	4	0.0
Limnochorda pilosa	1555112	species	3817036	11	0	0.0
Enterobacter sp. E20	1560339	species	4763114	1	0	0.0
Sphingomonas panacis	1560345	species	5322941	63	30	0.0
Curtobacterium sp. MR_MD2014	1561023	species	3443800	5	0	0.0
Fermentimonas caenicola	1562970	species	2808926	1	1	0.0
Rhodococcus sp. B7740	1564114	species	5341557	5	0	0.0
Carnobacterium sp. CP1	1564681	species	2614401	6	1	0.0
Bacillus sp. X1(2014)	1565991	species	3422674	1	1	0.0
Methanomassiliicoccaceae	1577788	family	0	1	0	0.0
Edwardsiella sp. EA181011	1578828	species	3934167	1	0	0.0
Halocynthiibacter arcticus	1579316	species	4376120	22	1	0.0
Wenzhouxiangella marina	1579979	species	3675202	11	2	0.0
Candidatus Methylopumilus planktonicus	1581557	species	1356428	5	1	0.0
Fusobacterium hwasookii	1583098	species	2496436	6	0	0.0
Myroides sp. A21	1583100	species	4155464	11	0	0.0
Lentzea sp. DHS C013	1586287	species	9997872	2	0	0.0
Helicobacter himalayensis	1591088	species	1829936	1	0	0.0
Coxiella-like endosymbiont	1592897	species	1733840	5	1	0.0
Desulfuromonas soudanensis	1603606	species	3958620	8	0	0.0
Acinetobacter sp. NCu2D-2	1608473	species	3048277	8	2	0.0
Candidatus Filomicrobium marinum	1608628	species	7939883	14	4	0.0
Confluentimicrobium sp. EMB200-NS6	1609966	species	4147426	9	1	0.0
Sphingomonas hengshuiensis	1609977	species	5228389	40	2	0.0
Verrucomicrobia bacterium L21-Fru-AB	1609981	species	2949723	22	4	0.0
Arthrobacter sp. IHBB 11108	1618207	species	3599434	1	0	0.0
Erwinia gerundensis	1619313	species	4481256	1	0	0.0
Spongiibacter sp. IMCC21906	1620392	species	3481669	22	6	0.0
Hoeflea sp. IMCC20628	1620421	species	5119813	38	10	0.0
Lutibacter sp. LP1	1622118	species	2966978	1	0	0.0
Geobacillus sp. 12AMOR1	1629723	species	3442724	2	0	0.0
Acetobacter sp. SLV-7	1633874	species	3106397	5	0	0.0
Citromicrobium sp. JL477	1634516	species	3258499	8	0	0.0
Chania multitudinisentens	1639108	species	5488183	2	0	0.0
Pseudonocardia sp. HH130629-09	1641402	species	6300975	1	0	0.0
Petrimonas mucosa	1642646	species	3717632	144	6	0.0
Devosia sp. H5989	1643450	species	4594249	90	3	0.0
Maribacter sp. 1_2014MBL_MicDiv	1644130	species	4399611	6	0	0.0
Janthinobacterium sp. 1_2014MBL_MicDiv	1644131	species	6453540	50	19	0.0
Acinetobacter sp. TTH0-4	1646498	species	2962453	13	2	0.0
Erythrobacter atlanticus	1648404	species	3226359	40	0	0.0
Bacillus paralicheniformis	1648923	species	4382163	1	0	0.0
Actinobacteria bacterium IMCC26256	1650658	species	2461858	3	0	0.0
Corynebacterium sp. JZ16	1652495	species	3217288	3	0	0.0
Caldimicrobium thiodismutans	1653476	species	1814952	3	1	0.0
Rhodococcus sp. PBTS 2	1653479	species	5316948	2	0	0.0
Mitsuaria sp. 7	1658665	species	6085092	11	1	0.0
Arsenicicoccus sp. oral taxon 190	1658671	species	3525271	7	0	0.0
Ottowia sp. oral taxon 894	1658672	species	2925783	1	0	0.0
Leptospirillum sp. Group II 'CF-1'	1660083	species	2709324	8	0	0.0
Methylophilus sp. TWE2	1662285	species	3079044	1	0	0.0
Magnetospirillum sp. XM-1	1663591	species	4992477	8	1	0.0
Bacillus glycinifermentans	1664069	species	4607442	1	0	0.0
Marinobacter sp. CP1	1671721	species	4768422	1	0	0.0
Labrenzia sp. CP4	1674922	species	6051301	28	0	0.0
Massilia sp. NR 4-1	1678028	species	6361416	26	0	0.0
Limnohabitans sp. 63ED37-2	1678128	species	3372992	2	0	0.0
Akkermansia glycaniphila	1679444	species	3074078	3726	3313	0.0
Pseudonocardia sp. EC080610-09	1688404	species	7131853	1	0	0.0
Arthrobacter sp. LS16	1690248	species	3851242	1	1	0.0
Pseudonocardia sp. HH130630-07	1690815	species	6680451	1	0	0.0
Microbacterium sp. CGR1	1696072	species	3634864	41	0	0.0
Bordetella sp. H567	1697043	species	5532470	6	0	0.0
Oblitimonas alkaliphila	1697053	species	14141857	6	3	0.0
Psychrobacter sp. P2G3	1699622	species	3366617	5	0	0.0
Psychrobacter sp. P11G5	1699624	species	3519144	5	0	0.0
Chelatococcus sp. CO-6	1702325	species	5243734	9	2	0.0
Rhizobium sp. N113	1703960	species	6524337	2	0	0.0
Rhizobium sp. N1314	1703961	species	6274511	2	0	0.0
Rhizobium sp. N1341	1703962	species	6555560	2	0	0.0
Rhizobium sp. N621	1703964	species	6425255	2	0	0.0
Rhizobium sp. N6212	1703965	species	6424414	2	0	0.0
Rhizobium sp. N731	1703966	species	6274507	2	0	0.0
Rhizobium sp. N741	1703967	species	6556348	2	0	0.0
Rhizobium sp. N871	1703968	species	6479005	2	0	0.0
Rhizobium sp. N324	1703969	species	6972593	2	0	0.0
Candidatus Xiphinematobacter sp. Idaho Grape	1704307	species	915884	23	1	0.0
Candidatus Thioglobus autotrophicus	1705394	species	1512449	9	0	0.0
Capnocytophaga sp. oral taxon 323	1705617	species	2614527	6	0	0.0
Massilia sp. WG5	1707785	species	6267305	27	0	0.0
Turicibacter sp. H121	1712675	species	2622031	18	6	0.0
Microbacterium sp. No. 7	1714373	species	4827965	6	0	0.0
Klebsiella sp. G5	1715259	species	4702949	2	0	0.0
Staphylococcus sp. AntiMn-1	1715860	species	2738396	2	0	0.0
Candidatus Nitrospira inopinata	1715989	species	3295117	1	0	0.0
Psychrobacter sp. AntiMn-1	1720344	species	3138120	4	0	0.0
Chryseobacterium sp. IHB B 17019	1721091	species	4077766	3	0	0.0
Algoriphagus sp. M8-2	1727163	species	3882610	13	12	0.0
Pedobacter sp. PACM 27299	1727164	species	6147290	5	0	0.0
Methylomonas sp. DH-1	1727196	species	5127407	64	0	0.0
Devosia sp. A16	1736675	species	5032994	80	1	0.0
Burkholderia sp. Bp5365	1740162	species	7287809	18	0	0.0
Burkholderia sp. Bp7605	1740163	species	5705688	4	0	0.0
Marinobacter sp. LQ44	1749259	species	4435564	2	0	0.0
Kurthia sp. 11kri321	1750719	species	2964527	3	1	0.0
Streptomyces sp. 4F	1751294	species	8047771	1	0	0.0
Serinicoccus sp. JLT9	1758689	species	3597394	2	0	0.0
Caulobacteraceae bacterium OTSz_A_272	1759059	species	3732719	7	1	0.0
Streptococcus sp. A12	1759399	species	1874337	2	0	0.0
Serratia sp. YD25	1759437	species	5117644	5	0	0.0
Flavobacterium sp. LPB0076	1763534	species	3027315	185	0	0.0
Hydrogenophaga sp. LPB0072	1763535	species	4944132	10	0	0.0
Paucibacter sp. KCTC 42545	1768242	species	5169161	10	2	0.0
Microbulbifer sp. CCB-MM1	1769779	species	3864326	3	0	0.0
Polaribacter vadi	1774273	species	3809314	108	0	0.0
Alteromonas sp. Mac1	1777491	species	4696291	3	0	0.0
Candidatus Doolittlea endobia	1778262	species	846562	1	0	0.0
Candidatus Hoaglandella endobia	1778263	species	636713	7	5	0.0
Candidatus Mikella endobia	1778264	species	352837	1	0	0.0
Streptomyces sp. S10(2016)	1783515	species	9083372	1	0	0.0
Gemella sp. oral taxon 928	1785995	species	1769679	1	1	0.0
Leptotrichia sp. oral taxon 847	1785996	species	2194935	1	0	0.0
Acinetobacter sp. BRTC-1	1789224	species	3741098	7	0	0.0
Wenyingzhuangia fucanilytica	1790137	species	3427057	3	0	0.0
Bosea sp. PAMC 26642	1792307	species	5510355	44	25	0.0
Yangia sp. CCB-MM3	1792508	species	5522061	50	0	0.0
Stenotrophomonas sp. KCTC 12332	1793721	species	4541594	38	0	0.0
Burkholderia sp. PAMC 26561	1795043	species	7431919	18	0	0.0
Microbacterium sp. PAMC 28756	1795053	species	3539061	2	0	0.0
Frondihabitans sp. PAMC 28766	1795630	species	4766863	2	0	0.0
Variovorax sp. PAMC 28711	1795631	species	4316152	13	1	0.0
Burkholderia sp. PAMC 28687	1795874	species	6881273	18	0	0.0
Bacteroides sp. I48	1796613	species	4839918	119	0	0.0
Blautia sp. YL58	1796616	species	5128792	2	0	0.0
Burkholderia sp. OLGA172	1804984	species	8574890	26	7	0.0
Sphingorhabdus sp. M41	1806885	species	3339521	31	0	0.0
Gammaproteobacteria bacterium TR3.2	1810504	species	3243537	5	2	0.0
Streptococcus pantholopis	1811193	species	2241302	4	0	0.0
Enterobacter cloacae complex 'Hoffmann cluster III'	1812934	species	4899947	6	0	0.0
Geobacillus sp. JS12	1813182	species	3721489	1	0	0.0
Shigella sp. PAMC 28760	1813821	species	4558287	3419	9	0.0
Streptococcus halotolerans	1814128	species	2182100	7	0	0.0
Colwellia sp. PAMC 20917	1816218	species	4683314	4	1	0.0
Marinobacterium sp. ST58-10	1821621	species	5191608	1	0	0.0
Edwardsiella anguillarum	1821960	species	4329652	1	0	0.0
Desulfuromonas sp. DDH964	1823759	species	3924652	10	1	0.0
Streptococcus marmotae	1825069	species	2322791	4	4	0.0
Bacillus sp. IHB B 7164	1827146	species	5036631	1	0	0.0
Brevundimonas sp. GW460-12-10-14-LB2	1827469	species	3263775	2	0	0.0
Lachnoclostridium sp. YL32	1834196	species	7225343	2	0	0.0
Ruminiclostridium sp. KB18	1834198	species	3802817	4	1	0.0
Parabacteroides sp. YL27	1834200	species	3306456	61	44	0.0
Burkholderiales bacterium YL45	1834205	species	2923068	4	3	0.0
Erysipelotrichaceae bacterium I46	1834207	species	4468295	8	7	0.0
Polynucleobacter duraquae	1835254	species	2026292	27	0	0.0
Acidovorax sp. RAC01	1842533	species	4574859	8	0	0.0
Sinorhizobium sp. RAC02	1842534	species	6626583	586	4	0.0
Blastomonas sp. RAC04	1842535	species	4403499	48	0	0.0
Agrobacterium sp. RAC06	1842536	species	4964647	2	0	0.0
Hydrogenophaga sp. RAC07	1842537	species	4674684	14	2	0.0
Bosea sp. RAC05	1842539	species	5620120	91	64	0.0
Methyloversatilis sp. RAC08	1842540	species	3937190	2	0	0.0
Sphingobium sp. RAC03	1843368	species	4369746	11	1	0.0
Streptomyces sp. SAT1	1849967	species	7472530	1	0	0.0
Lutibacter sp. LPB0138	1850246	species	3426122	31	0	0.0
Rhodobacter sp. LPB0142	1850250	species	3780829	64	9	0.0
Pseudomonas sp. A3(2016)	1853130	species	6823539	1	1	0.0
Sphingobium sp. EP60837	1855519	species	4261696	11	0	0.0
Pseudomonas sp. TCU-HL1	1856685	species	6256697	2	0	0.0
Halothiobacillus sp. LS2	1860122	species	2908964	9	1	0.0
Enterobacter sp. HK169	1868135	species	4551186	1	0	0.0
Prosthecochloris sp. CIB 2401	1868325	species	2399849	1	0	0.0
Rhizobium sp. S41	1869170	species	5524367	3282	0	0.0
Marinobacter sp. Hb8	1874317	species	4121005	1	0	0.0
Selenomonas sp. oral taxon 920	1884263	species	2440121	9	0	0.0
Brucella sp. 141012304	1885919	species	3442381	618	0	0.0
Streptococcus himalayensis	1888195	species	2275471	1	0	0.0
Brucella sp. 2002734562	1891098	species	3283485	466	0	0.0
Sulfolobus sp. A20	1891280	species	2688317	4	0	0.0
Porphyrobacter sp. LM 6	1896196	species	2979257	42	0	0.0
Spiroplasma sp. TU-14	1898044	species	1199640	2	0	0.0
Stenotrophomonas sp. LM091	1904944	species	4317450	56	0	0.0
Klebsiella sp. LTGPAF-6F	1905288	species	6790399	1	0	0.0
Pectobacterium parmentieri	1905730	species	5047366	2	0	0.0
Curtobacterium sp. BH-2-1-1	1905847	species	3795948	5	0	0.0
Hyphomonas sp. Mor2	1906738	species	3628091	18	14	0.0
Jeongeupia sp. USM3	1906741	species	3788814	30	4	0.0
Microbacterium sp. BH3-3-3	1906742	species	3508491	8	0	0.0
